This is pdfTeX, Version 3.141592653-2.6-1.40.28 (TeX Live 2025) (preloaded format=pdflatex 2026.1.25)  24 MAY 2026 15:59
entering extended mode
 \write18 enabled.
 %&-line parsing enabled.
**report.tex
(./report.tex
LaTeX2e <2025-11-01>
L3 programming layer <2026-01-19>
(/usr/local/texlive/2025/texmf-dist/tex/latex/bmstu/bmstu.cls
Document Class: bmstu 2023/01/28 v2.0.0 BMSTU class
(/usr/local/texlive/2025/texmf-dist/tex/latex/extsizes/extreport.cls
Document Class: extreport 1996/10/08 v1.0 Non Standard LaTeX document class
(/usr/local/texlive/2025/texmf-dist/tex/latex/extsizes/size14.clo
File: size14.clo 1999/11/11 v1.4a NON-Standard LaTeX file (size option)
)
(/usr/local/texlive/2025/texmf-dist/tex/latex/base/exscale.sty
Package: exscale 2025/06/05 v2.1i Standard LaTeX package exscale
LaTeX Font Info:    Redeclaring symbol font `largesymbols' on input line 57.
LaTeX Font Info:    Overwriting symbol font `largesymbols' in version `normal'
(Font)                  OMX/cmex/m/n --> OMX/cmex/m/n on input line 57.
LaTeX Font Info:    Overwriting symbol font `largesymbols' in version `bold'
(Font)                  OMX/cmex/m/n --> OMX/cmex/m/n on input line 57.
\big@size=\dimen148
)
\c@part=\count275
\c@chapter=\count276
\c@section=\count277
\c@subsection=\count278
\c@subsubsection=\count279
\c@paragraph=\count280
\c@subparagraph=\count281
\c@figure=\count282
\c@table=\count283
\abovecaptionskip=\skip49
\belowcaptionskip=\skip50
\bibindent=\dimen149
)
(/usr/local/texlive/2025/texmf-dist/tex/latex/base/fontenc.sty
Package: fontenc 2025/07/18 v2.1d Standard LaTeX package

(/usr/local/texlive/2025/texmf-dist/tex/latex/cyrillic/t2aenc.def
File: t2aenc.def 2023/11/07 v1.0k Cyrillic encoding definition file
Now handling font encoding T2A ...
... processing UTF-8 mapping file for font encoding T2A

(/usr/local/texlive/2025/texmf-dist/tex/latex/base/t2aenc.dfu
File: t2aenc.dfu 2022/06/07 v1.3c UTF-8 support
   defining Unicode char U+00A4 (decimal 164)
   defining Unicode char U+00A7 (decimal 167)
   defining Unicode char U+00AB (decimal 171)
   defining Unicode char U+00BB (decimal 187)
   defining Unicode char U+0131 (decimal 305)
   defining Unicode char U+0237 (decimal 567)
   defining Unicode char U+0400 (decimal 1024)
   defining Unicode char U+0401 (decimal 1025)
   defining Unicode char U+0402 (decimal 1026)
   defining Unicode char U+0403 (decimal 1027)
   defining Unicode char U+0404 (decimal 1028)
   defining Unicode char U+0405 (decimal 1029)
   defining Unicode char U+0406 (decimal 1030)
   defining Unicode char U+0407 (decimal 1031)
   defining Unicode char U+0408 (decimal 1032)
   defining Unicode char U+0409 (decimal 1033)
   defining Unicode char U+040A (decimal 1034)
   defining Unicode char U+040B (decimal 1035)
   defining Unicode char U+040C (decimal 1036)
   defining Unicode char U+040D (decimal 1037)
   defining Unicode char U+040E (decimal 1038)
   defining Unicode char U+040F (decimal 1039)
   defining Unicode char U+0410 (decimal 1040)
   defining Unicode char U+0411 (decimal 1041)
   defining Unicode char U+0412 (decimal 1042)
   defining Unicode char U+0413 (decimal 1043)
   defining Unicode char U+0414 (decimal 1044)
   defining Unicode char U+0415 (decimal 1045)
   defining Unicode char U+0416 (decimal 1046)
   defining Unicode char U+0417 (decimal 1047)
   defining Unicode char U+0418 (decimal 1048)
   defining Unicode char U+0419 (decimal 1049)
   defining Unicode char U+041A (decimal 1050)
   defining Unicode char U+041B (decimal 1051)
   defining Unicode char U+041C (decimal 1052)
   defining Unicode char U+041D (decimal 1053)
   defining Unicode char U+041E (decimal 1054)
   defining Unicode char U+041F (decimal 1055)
   defining Unicode char U+0420 (decimal 1056)
   defining Unicode char U+0421 (decimal 1057)
   defining Unicode char U+0422 (decimal 1058)
   defining Unicode char U+0423 (decimal 1059)
   defining Unicode char U+0424 (decimal 1060)
   defining Unicode char U+0425 (decimal 1061)
   defining Unicode char U+0426 (decimal 1062)
   defining Unicode char U+0427 (decimal 1063)
   defining Unicode char U+0428 (decimal 1064)
   defining Unicode char U+0429 (decimal 1065)
   defining Unicode char U+042A (decimal 1066)
   defining Unicode char U+042B (decimal 1067)
   defining Unicode char U+042C (decimal 1068)
   defining Unicode char U+042D (decimal 1069)
   defining Unicode char U+042E (decimal 1070)
   defining Unicode char U+042F (decimal 1071)
   defining Unicode char U+0430 (decimal 1072)
   defining Unicode char U+0431 (decimal 1073)
   defining Unicode char U+0432 (decimal 1074)
   defining Unicode char U+0433 (decimal 1075)
   defining Unicode char U+0434 (decimal 1076)
   defining Unicode char U+0435 (decimal 1077)
   defining Unicode char U+0436 (decimal 1078)
   defining Unicode char U+0437 (decimal 1079)
   defining Unicode char U+0438 (decimal 1080)
   defining Unicode char U+0439 (decimal 1081)
   defining Unicode char U+043A (decimal 1082)
   defining Unicode char U+043B (decimal 1083)
   defining Unicode char U+043C (decimal 1084)
   defining Unicode char U+043D (decimal 1085)
   defining Unicode char U+043E (decimal 1086)
   defining Unicode char U+043F (decimal 1087)
   defining Unicode char U+0440 (decimal 1088)
   defining Unicode char U+0441 (decimal 1089)
   defining Unicode char U+0442 (decimal 1090)
   defining Unicode char U+0443 (decimal 1091)
   defining Unicode char U+0444 (decimal 1092)
   defining Unicode char U+0445 (decimal 1093)
   defining Unicode char U+0446 (decimal 1094)
   defining Unicode char U+0447 (decimal 1095)
   defining Unicode char U+0448 (decimal 1096)
   defining Unicode char U+0449 (decimal 1097)
   defining Unicode char U+044A (decimal 1098)
   defining Unicode char U+044B (decimal 1099)
   defining Unicode char U+044C (decimal 1100)
   defining Unicode char U+044D (decimal 1101)
   defining Unicode char U+044E (decimal 1102)
   defining Unicode char U+044F (decimal 1103)
   defining Unicode char U+0450 (decimal 1104)
   defining Unicode char U+0451 (decimal 1105)
   defining Unicode char U+0452 (decimal 1106)
   defining Unicode char U+0453 (decimal 1107)
   defining Unicode char U+0454 (decimal 1108)
   defining Unicode char U+0455 (decimal 1109)
   defining Unicode char U+0456 (decimal 1110)
   defining Unicode char U+0457 (decimal 1111)
   defining Unicode char U+0458 (decimal 1112)
   defining Unicode char U+0459 (decimal 1113)
   defining Unicode char U+045A (decimal 1114)
   defining Unicode char U+045B (decimal 1115)
   defining Unicode char U+045C (decimal 1116)
   defining Unicode char U+045D (decimal 1117)
   defining Unicode char U+045E (decimal 1118)
   defining Unicode char U+045F (decimal 1119)
   defining Unicode char U+0490 (decimal 1168)
   defining Unicode char U+0491 (decimal 1169)
   defining Unicode char U+0492 (decimal 1170)
   defining Unicode char U+0493 (decimal 1171)
   defining Unicode char U+0496 (decimal 1174)
   defining Unicode char U+0497 (decimal 1175)
   defining Unicode char U+0498 (decimal 1176)
   defining Unicode char U+0499 (decimal 1177)
   defining Unicode char U+049A (decimal 1178)
   defining Unicode char U+049B (decimal 1179)
   defining Unicode char U+049C (decimal 1180)
   defining Unicode char U+049D (decimal 1181)
   defining Unicode char U+04A0 (decimal 1184)
   defining Unicode char U+04A1 (decimal 1185)
   defining Unicode char U+04A2 (decimal 1186)
   defining Unicode char U+04A3 (decimal 1187)
   defining Unicode char U+04A4 (decimal 1188)
   defining Unicode char U+04A5 (decimal 1189)
   defining Unicode char U+04AA (decimal 1194)
   defining Unicode char U+04AB (decimal 1195)
   defining Unicode char U+04AE (decimal 1198)
   defining Unicode char U+04AF (decimal 1199)
   defining Unicode char U+04B0 (decimal 1200)
   defining Unicode char U+04B1 (decimal 1201)
   defining Unicode char U+04B2 (decimal 1202)
   defining Unicode char U+04B3 (decimal 1203)
   defining Unicode char U+04B6 (decimal 1206)
   defining Unicode char U+04B7 (decimal 1207)
   defining Unicode char U+04B8 (decimal 1208)
   defining Unicode char U+04B9 (decimal 1209)
   defining Unicode char U+04BA (decimal 1210)
   defining Unicode char U+04BB (decimal 1211)
   defining Unicode char U+04C0 (decimal 1216)
   defining Unicode char U+04C1 (decimal 1217)
   defining Unicode char U+04C2 (decimal 1218)
   defining Unicode char U+04D0 (decimal 1232)
   defining Unicode char U+04D1 (decimal 1233)
   defining Unicode char U+04D2 (decimal 1234)
   defining Unicode char U+04D3 (decimal 1235)
   defining Unicode char U+04D4 (decimal 1236)
   defining Unicode char U+04D5 (decimal 1237)
   defining Unicode char U+04D6 (decimal 1238)
   defining Unicode char U+04D7 (decimal 1239)
   defining Unicode char U+04D8 (decimal 1240)
   defining Unicode char U+04D9 (decimal 1241)
   defining Unicode char U+04DA (decimal 1242)
   defining Unicode char U+04DB (decimal 1243)
   defining Unicode char U+04DC (decimal 1244)
   defining Unicode char U+04DD (decimal 1245)
   defining Unicode char U+04DE (decimal 1246)
   defining Unicode char U+04DF (decimal 1247)
   defining Unicode char U+04E2 (decimal 1250)
   defining Unicode char U+04E3 (decimal 1251)
   defining Unicode char U+04E4 (decimal 1252)
   defining Unicode char U+04E5 (decimal 1253)
   defining Unicode char U+04E6 (decimal 1254)
   defining Unicode char U+04E7 (decimal 1255)
   defining Unicode char U+04E8 (decimal 1256)
   defining Unicode char U+04E9 (decimal 1257)
   defining Unicode char U+04EC (decimal 1260)
   defining Unicode char U+04ED (decimal 1261)
   defining Unicode char U+04EE (decimal 1262)
   defining Unicode char U+04EF (decimal 1263)
   defining Unicode char U+04F0 (decimal 1264)
   defining Unicode char U+04F1 (decimal 1265)
   defining Unicode char U+04F2 (decimal 1266)
   defining Unicode char U+04F3 (decimal 1267)
   defining Unicode char U+04F4 (decimal 1268)
   defining Unicode char U+04F5 (decimal 1269)
   defining Unicode char U+04F8 (decimal 1272)
   defining Unicode char U+04F9 (decimal 1273)
   defining Unicode char U+200C (decimal 8204)
   defining Unicode char U+2013 (decimal 8211)
   defining Unicode char U+2014 (decimal 8212)
   defining Unicode char U+2018 (decimal 8216)
   defining Unicode char U+2019 (decimal 8217)
   defining Unicode char U+201C (decimal 8220)
   defining Unicode char U+201D (decimal 8221)
   defining Unicode char U+201E (decimal 8222)
   defining Unicode char U+2030 (decimal 8240)
   defining Unicode char U+2031 (decimal 8241)
   defining Unicode char U+2116 (decimal 8470)
   defining Unicode char U+2329 (decimal 9001)
   defining Unicode char U+3008 (decimal 12296)
   defining Unicode char U+232A (decimal 9002)
   defining Unicode char U+3009 (decimal 12297)
   defining Unicode char U+2423 (decimal 9251)
   defining Unicode char U+27E8 (decimal 10216)
   defining Unicode char U+27E9 (decimal 10217)
   defining Unicode char U+FB00 (decimal 64256)
   defining Unicode char U+FB01 (decimal 64257)
   defining Unicode char U+FB02 (decimal 64258)
   defining Unicode char U+FB03 (decimal 64259)
   defining Unicode char U+FB04 (decimal 64260)
   defining Unicode char U+FB05 (decimal 64261)
   defining Unicode char U+FB06 (decimal 64262)
))
LaTeX Font Info:    Trying to load font information for T2A+cmr on input line 1
16.

(/usr/local/texlive/2025/texmf-dist/tex/latex/cyrillic/t2acmr.fd
File: t2acmr.fd 2001/08/11 v1.0a Computer Modern Cyrillic font definitions
))
(/usr/local/texlive/2025/texmf-dist/tex/latex/base/inputenc.sty
Package: inputenc 2024/02/08 v1.3d Input encoding file
\inpenc@prehook=\toks17
\inpenc@posthook=\toks18
)
(/usr/local/texlive/2025/texmf-dist/tex/generic/babel/babel.sty
Package: babel 2026/01/18 v26.1 The multilingual framework for LuaLaTeX, pdfLaT
eX and XeLaTeX
\babel@savecnt=\count284
LaTeX Encoding Info:    Redeclaring text command \ij (encoding OT1) on input li
ne 2078.
LaTeX Encoding Info:    Redeclaring text command \IJ (encoding OT1) on input li
ne 2080.
LaTeX Encoding Info:    Redeclaring text command \ij (encoding T1) on input lin
e 2082.
LaTeX Encoding Info:    Redeclaring text command \IJ (encoding T1) on input lin
e 2083.
LaTeX Encoding Info:    Ignoring declaration for text command \ij (encoding ?) 
on input line 2084.
LaTeX Encoding Info:    Ignoring declaration for text command \IJ (encoding ?) 
on input line 2086.
LaTeX Encoding Info:    Ignoring declaration for text command \SS (encoding ?) 
on input line 2111.
\U@D=\dimen150
\l@unhyphenated=\language90

(/usr/local/texlive/2025/texmf-dist/tex/generic/babel/txtbabel.def)
\bbl@readstream=\read2
\bbl@dirlevel=\count285

(/usr/local/texlive/2025/texmf-dist/tex/generic/babel/locale/en/babel-english.t
ex)
(/usr/local/texlive/2025/texmf-dist/tex/generic/babel/locale/ru/babel-russian.t
ex)
Package babel Info: Importing font and identification data for english
(babel)             from babel-en.ini. Reported on input line 4330.
 (/usr/local/texlive/2025/texmf-dist/tex/generic/babel-english/english.ldf
Language: english 2017/06/06 v3.3r English support from the babel system
Package babel Info: Hyphen rules for 'canadian' set to \l@english
(babel)             (\language0). Reported on input line 102.
Package babel Info: Hyphen rules for 'australian' set to \l@ukenglish
(babel)             (\language22). Reported on input line 105.
Package babel Info: Hyphen rules for 'newzealand' set to \l@ukenglish
(babel)             (\language22). Reported on input line 108.
)
Package babel Info: Importing font and identification data for russian
(babel)             from babel-ru.ini. Reported on input line 4330.

(/usr/local/texlive/2025/texmf-dist/tex/generic/babel-russian/russianb.ldf
File: russianb.ldf 2021/01/10 1.3m Russian support for the Babel system
Language: russian 2020/09/09 1.3k Russian support for the Babel system
Package babel Info: Making " an active character on input line 124.
Package babel Info: Default for \cyrdash is provided on input line 163.
))
(/usr/local/texlive/2025/texmf-dist/tex/latex/base/fix-cm.sty
Package: fix-cm 2020/11/24 v1.1t fixes to LaTeX

(/usr/local/texlive/2025/texmf-dist/tex/latex/base/ts1enc.def
File: ts1enc.def 2001/06/05 v3.0e (jk/car/fm) Standard LaTeX file
LaTeX Font Info:    Redeclaring font encoding TS1 on input line 47.
LaTeX Encoding Info:    Redeclaring text command \capitalcedilla (encoding TS1)
 on input line 49.
LaTeX Encoding Info:    Redeclaring text command \capitalogonek (encoding TS1) 
on input line 52.
LaTeX Encoding Info:    Redeclaring text command \capitalgrave (encoding TS1) o
n input line 55.
LaTeX Encoding Info:    Redeclaring text command \capitalacute (encoding TS1) o
n input line 56.
LaTeX Encoding Info:    Redeclaring text command \capitalcircumflex (encoding T
S1) on input line 57.
LaTeX Encoding Info:    Redeclaring text command \capitaltilde (encoding TS1) o
n input line 58.
LaTeX Encoding Info:    Redeclaring text command \capitaldieresis (encoding TS1
) on input line 59.
LaTeX Encoding Info:    Redeclaring text command \capitalhungarumlaut (encoding
 TS1) on input line 60.
LaTeX Encoding Info:    Redeclaring text command \capitalring (encoding TS1) on
 input line 61.
LaTeX Encoding Info:    Redeclaring text command \capitalcaron (encoding TS1) o
n input line 62.
LaTeX Encoding Info:    Redeclaring text command \capitalbreve (encoding TS1) o
n input line 63.
LaTeX Encoding Info:    Redeclaring text command \capitalmacron (encoding TS1) 
on input line 64.
LaTeX Encoding Info:    Redeclaring text command \capitaldotaccent (encoding TS
1) on input line 65.
LaTeX Encoding Info:    Redeclaring text command \t (encoding TS1) on input lin
e 66.
LaTeX Encoding Info:    Redeclaring text command \capitaltie (encoding TS1) on 
input line 67.
LaTeX Encoding Info:    Redeclaring text command \newtie (encoding TS1) on inpu
t line 68.
LaTeX Encoding Info:    Redeclaring text command \capitalnewtie (encoding TS1) 
on input line 69.
LaTeX Encoding Info:    Redeclaring text symbol \textcapitalcompwordmark (encod
ing TS1) on input line 70.
LaTeX Encoding Info:    Redeclaring text symbol \textascendercompwordmark (enco
ding TS1) on input line 71.
LaTeX Encoding Info:    Redeclaring text symbol \textquotestraightbase (encodin
g TS1) on input line 72.
LaTeX Encoding Info:    Redeclaring text symbol \textquotestraightdblbase (enco
ding TS1) on input line 73.
LaTeX Encoding Info:    Redeclaring text symbol \texttwelveudash (encoding TS1)
 on input line 74.
LaTeX Encoding Info:    Redeclaring text symbol \textthreequartersemdash (encod
ing TS1) on input line 75.
LaTeX Encoding Info:    Redeclaring text symbol \textleftarrow (encoding TS1) o
n input line 76.
LaTeX Encoding Info:    Redeclaring text symbol \textrightarrow (encoding TS1) 
on input line 77.
LaTeX Encoding Info:    Redeclaring text symbol \textblank (encoding TS1) on in
put line 78.
LaTeX Encoding Info:    Redeclaring text symbol \textdollar (encoding TS1) on i
nput line 79.
LaTeX Encoding Info:    Redeclaring text symbol \textquotesingle (encoding TS1)
 on input line 80.
LaTeX Encoding Info:    Redeclaring text command \textasteriskcentered (encodin
g TS1) on input line 81.
LaTeX Encoding Info:    Redeclaring text symbol \textdblhyphen (encoding TS1) o
n input line 92.
LaTeX Encoding Info:    Redeclaring text symbol \textfractionsolidus (encoding 
TS1) on input line 93.
LaTeX Encoding Info:    Redeclaring text symbol \textzerooldstyle (encoding TS1
) on input line 94.
LaTeX Encoding Info:    Redeclaring text symbol \textoneoldstyle (encoding TS1)
 on input line 95.
LaTeX Encoding Info:    Redeclaring text symbol \texttwooldstyle (encoding TS1)
 on input line 96.
LaTeX Encoding Info:    Redeclaring text symbol \textthreeoldstyle (encoding TS
1) on input line 97.
LaTeX Encoding Info:    Redeclaring text symbol \textfouroldstyle (encoding TS1
) on input line 98.
LaTeX Encoding Info:    Redeclaring text symbol \textfiveoldstyle (encoding TS1
) on input line 99.
LaTeX Encoding Info:    Redeclaring text symbol \textsixoldstyle (encoding TS1)
 on input line 100.
LaTeX Encoding Info:    Redeclaring text symbol \textsevenoldstyle (encoding TS
1) on input line 101.
LaTeX Encoding Info:    Redeclaring text symbol \texteightoldstyle (encoding TS
1) on input line 102.
LaTeX Encoding Info:    Redeclaring text symbol \textnineoldstyle (encoding TS1
) on input line 103.
LaTeX Encoding Info:    Redeclaring text symbol \textlangle (encoding TS1) on i
nput line 104.
LaTeX Encoding Info:    Redeclaring text symbol \textminus (encoding TS1) on in
put line 105.
LaTeX Encoding Info:    Redeclaring text symbol \textrangle (encoding TS1) on i
nput line 106.
LaTeX Encoding Info:    Redeclaring text symbol \textmho (encoding TS1) on inpu
t line 107.
LaTeX Encoding Info:    Redeclaring text symbol \textbigcircle (encoding TS1) o
n input line 108.
LaTeX Encoding Info:    Redeclaring text command \textcircled (encoding TS1) on
 input line 109.
LaTeX Encoding Info:    Redeclaring text symbol \textohm (encoding TS1) on inpu
t line 115.
LaTeX Encoding Info:    Redeclaring text symbol \textlbrackdbl (encoding TS1) o
n input line 116.
LaTeX Encoding Info:    Redeclaring text symbol \textrbrackdbl (encoding TS1) o
n input line 117.
LaTeX Encoding Info:    Redeclaring text symbol \textuparrow (encoding TS1) on 
input line 118.
LaTeX Encoding Info:    Redeclaring text symbol \textdownarrow (encoding TS1) o
n input line 119.
LaTeX Encoding Info:    Redeclaring text symbol \textasciigrave (encoding TS1) 
on input line 120.
LaTeX Encoding Info:    Redeclaring text symbol \textborn (encoding TS1) on inp
ut line 121.
LaTeX Encoding Info:    Redeclaring text symbol \textdivorced (encoding TS1) on
 input line 122.
LaTeX Encoding Info:    Redeclaring text symbol \textdied (encoding TS1) on inp
ut line 123.
LaTeX Encoding Info:    Redeclaring text symbol \textleaf (encoding TS1) on inp
ut line 124.
LaTeX Encoding Info:    Redeclaring text symbol \textmarried (encoding TS1) on 
input line 125.
LaTeX Encoding Info:    Redeclaring text symbol \textmusicalnote (encoding TS1)
 on input line 126.
LaTeX Encoding Info:    Redeclaring text symbol \texttildelow (encoding TS1) on
 input line 127.
LaTeX Encoding Info:    Redeclaring text symbol \textdblhyphenchar (encoding TS
1) on input line 128.
LaTeX Encoding Info:    Redeclaring text symbol \textasciibreve (encoding TS1) 
on input line 129.
LaTeX Encoding Info:    Redeclaring text symbol \textasciicaron (encoding TS1) 
on input line 130.
LaTeX Encoding Info:    Redeclaring text symbol \textacutedbl (encoding TS1) on
 input line 131.
LaTeX Encoding Info:    Redeclaring text symbol \textgravedbl (encoding TS1) on
 input line 132.
LaTeX Encoding Info:    Redeclaring text symbol \textdagger (encoding TS1) on i
nput line 133.
LaTeX Encoding Info:    Redeclaring text symbol \textdaggerdbl (encoding TS1) o
n input line 134.
LaTeX Encoding Info:    Redeclaring text symbol \textbardbl (encoding TS1) on i
nput line 135.
LaTeX Encoding Info:    Redeclaring text symbol \textperthousand (encoding TS1)
 on input line 136.
LaTeX Encoding Info:    Redeclaring text symbol \textbullet (encoding TS1) on i
nput line 137.
LaTeX Encoding Info:    Redeclaring text symbol \textcelsius (encoding TS1) on 
input line 138.
LaTeX Encoding Info:    Redeclaring text symbol \textdollaroldstyle (encoding T
S1) on input line 139.
LaTeX Encoding Info:    Redeclaring text symbol \textcentoldstyle (encoding TS1
) on input line 140.
LaTeX Encoding Info:    Redeclaring text symbol \textflorin (encoding TS1) on i
nput line 141.
LaTeX Encoding Info:    Redeclaring text symbol \textcolonmonetary (encoding TS
1) on input line 142.
LaTeX Encoding Info:    Redeclaring text symbol \textwon (encoding TS1) on inpu
t line 143.
LaTeX Encoding Info:    Redeclaring text symbol \textnaira (encoding TS1) on in
put line 144.
LaTeX Encoding Info:    Redeclaring text symbol \textguarani (encoding TS1) on 
input line 145.
LaTeX Encoding Info:    Redeclaring text symbol \textpeso (encoding TS1) on inp
ut line 146.
LaTeX Encoding Info:    Redeclaring text symbol \textlira (encoding TS1) on inp
ut line 147.
LaTeX Encoding Info:    Redeclaring text symbol \textrecipe (encoding TS1) on i
nput line 148.
LaTeX Encoding Info:    Redeclaring text symbol \textinterrobang (encoding TS1)
 on input line 149.
LaTeX Encoding Info:    Redeclaring text symbol \textinterrobangdown (encoding 
TS1) on input line 150.
LaTeX Encoding Info:    Redeclaring text symbol \textdong (encoding TS1) on inp
ut line 151.
LaTeX Encoding Info:    Redeclaring text symbol \texttrademark (encoding TS1) o
n input line 152.
LaTeX Encoding Info:    Redeclaring text symbol \textpertenthousand (encoding T
S1) on input line 153.
LaTeX Encoding Info:    Redeclaring text symbol \textpilcrow (encoding TS1) on 
input line 154.
LaTeX Encoding Info:    Redeclaring text symbol \textbaht (encoding TS1) on inp
ut line 155.
LaTeX Encoding Info:    Redeclaring text symbol \textnumero (encoding TS1) on i
nput line 156.
LaTeX Encoding Info:    Redeclaring text symbol \textdiscount (encoding TS1) on
 input line 157.
LaTeX Encoding Info:    Redeclaring text symbol \textestimated (encoding TS1) o
n input line 158.
LaTeX Encoding Info:    Redeclaring text symbol \textopenbullet (encoding TS1) 
on input line 159.
LaTeX Encoding Info:    Redeclaring text symbol \textservicemark (encoding TS1)
 on input line 160.
LaTeX Encoding Info:    Redeclaring text symbol \textlquill (encoding TS1) on i
nput line 161.
LaTeX Encoding Info:    Redeclaring text symbol \textrquill (encoding TS1) on i
nput line 162.
LaTeX Encoding Info:    Redeclaring text symbol \textcent (encoding TS1) on inp
ut line 163.
LaTeX Encoding Info:    Redeclaring text symbol \textsterling (encoding TS1) on
 input line 164.
LaTeX Encoding Info:    Redeclaring text symbol \textcurrency (encoding TS1) on
 input line 165.
LaTeX Encoding Info:    Redeclaring text symbol \textyen (encoding TS1) on inpu
t line 166.
LaTeX Encoding Info:    Redeclaring text symbol \textbrokenbar (encoding TS1) o
n input line 167.
LaTeX Encoding Info:    Redeclaring text symbol \textsection (encoding TS1) on 
input line 168.
LaTeX Encoding Info:    Redeclaring text symbol \textasciidieresis (encoding TS
1) on input line 169.
LaTeX Encoding Info:    Redeclaring text symbol \textcopyright (encoding TS1) o
n input line 170.
LaTeX Encoding Info:    Redeclaring text symbol \textordfeminine (encoding TS1)
 on input line 171.
LaTeX Encoding Info:    Redeclaring text symbol \textcopyleft (encoding TS1) on
 input line 172.
LaTeX Encoding Info:    Redeclaring text symbol \textlnot (encoding TS1) on inp
ut line 173.
LaTeX Encoding Info:    Redeclaring text symbol \textcircledP (encoding TS1) on
 input line 174.
LaTeX Encoding Info:    Redeclaring text symbol \textregistered (encoding TS1) 
on input line 175.
LaTeX Encoding Info:    Redeclaring text symbol \textasciimacron (encoding TS1)
 on input line 176.
LaTeX Encoding Info:    Redeclaring text symbol \textdegree (encoding TS1) on i
nput line 177.
LaTeX Encoding Info:    Redeclaring text symbol \textpm (encoding TS1) on input
 line 178.
LaTeX Encoding Info:    Redeclaring text symbol \texttwosuperior (encoding TS1)
 on input line 179.
LaTeX Encoding Info:    Redeclaring text symbol \textthreesuperior (encoding TS
1) on input line 180.
LaTeX Encoding Info:    Redeclaring text symbol \textasciiacute (encoding TS1) 
on input line 181.
LaTeX Encoding Info:    Redeclaring text symbol \textmu (encoding TS1) on input
 line 182.
LaTeX Encoding Info:    Redeclaring text symbol \textparagraph (encoding TS1) o
n input line 183.
LaTeX Encoding Info:    Redeclaring text symbol \textperiodcentered (encoding T
S1) on input line 184.
LaTeX Encoding Info:    Redeclaring text symbol \textreferencemark (encoding TS
1) on input line 185.
LaTeX Encoding Info:    Redeclaring text symbol \textonesuperior (encoding TS1)
 on input line 186.
LaTeX Encoding Info:    Redeclaring text symbol \textordmasculine (encoding TS1
) on input line 187.
LaTeX Encoding Info:    Redeclaring text symbol \textsurd (encoding TS1) on inp
ut line 188.
LaTeX Encoding Info:    Redeclaring text symbol \textonequarter (encoding TS1) 
on input line 189.
LaTeX Encoding Info:    Redeclaring text symbol \textonehalf (encoding TS1) on 
input line 190.
LaTeX Encoding Info:    Redeclaring text symbol \textthreequarters (encoding TS
1) on input line 191.
LaTeX Encoding Info:    Redeclaring text symbol \texteuro (encoding TS1) on inp
ut line 192.
LaTeX Encoding Info:    Redeclaring text symbol \texttimes (encoding TS1) on in
put line 193.
LaTeX Encoding Info:    Redeclaring text symbol \textdiv (encoding TS1) on inpu
t line 194.
))
(/usr/local/texlive/2025/texmf-dist/tex/latex/geometry/geometry.sty
Package: geometry 2020/01/02 v5.9 Page Geometry

(/usr/local/texlive/2025/texmf-dist/tex/latex/graphics/keyval.sty
Package: keyval 2022/05/29 v1.15 key=value parser (DPC)
\KV@toks@=\toks19
)
(/usr/local/texlive/2025/texmf-dist/tex/generic/iftex/ifvtex.sty
Package: ifvtex 2019/10/25 v1.7 ifvtex legacy package. Use iftex instead.

(/usr/local/texlive/2025/texmf-dist/tex/generic/iftex/iftex.sty
Package: iftex 2024/12/12 v1.0g TeX engine tests
))
\Gm@cnth=\count286
\Gm@cntv=\count287
\c@Gm@tempcnt=\count288
\Gm@bindingoffset=\dimen151
\Gm@wd@mp=\dimen152
\Gm@odd@mp=\dimen153
\Gm@even@mp=\dimen154
\Gm@layoutwidth=\dimen155
\Gm@layoutheight=\dimen156
\Gm@layouthoffset=\dimen157
\Gm@layoutvoffset=\dimen158
\Gm@dimlist=\toks20
)
(/usr/local/texlive/2025/texmf-dist/tex/latex/microtype/microtype.sty
Package: microtype 2025/07/09 v3.2b Micro-typographical refinements (RS)

(/usr/local/texlive/2025/texmf-dist/tex/latex/etoolbox/etoolbox.sty
Package: etoolbox 2025/10/02 v2.5m e-TeX tools for LaTeX (JAW)
\etb@tempcnta=\count289
)
\MT@toks=\toks21
\MT@tempbox=\box53
\MT@count=\count290
LaTeX Info: Redefining \noprotrusionifhmode on input line 1087.
LaTeX Info: Redefining \leftprotrusion on input line 1088.
\MT@prot@toks=\toks22
LaTeX Info: Redefining \rightprotrusion on input line 1107.
LaTeX Info: Redefining \textls on input line 1449.
\MT@outer@kern=\dimen159
LaTeX Info: Redefining \microtypecontext on input line 2053.
LaTeX Info: Redefining \textmicrotypecontext on input line 2070.
\MT@listname@count=\count291

(/usr/local/texlive/2025/texmf-dist/tex/latex/microtype/microtype-pdftex.def
File: microtype-pdftex.def 2025/07/09 v3.2b Definitions specific to pdftex (RS)

LaTeX Info: Redefining \lsstyle on input line 944.
LaTeX Info: Redefining \lslig on input line 944.
\MT@outer@space=\skip51
)
Package microtype Info: Loading configuration file microtype.cfg.

(/usr/local/texlive/2025/texmf-dist/tex/latex/microtype/microtype.cfg
File: microtype.cfg 2025/07/09 v3.2b microtype main configuration file (RS)
)
LaTeX Info: Redefining \microtypesetup on input line 3065.
)
(/usr/local/texlive/2025/texmf-dist/tex/latex/setspace/setspace.sty
Package: setspace 2022/12/04 v6.7b set line spacing
)
(/usr/local/texlive/2025/texmf-dist/tex/latex/tools/indentfirst.sty
Package: indentfirst 2023/07/02 v1.03 Indent first paragraph (DPC)
)
(/usr/local/texlive/2025/texmf-dist/tex/latex/titlesec/titlesec.sty
Package: titlesec 2025/01/04 v2.17 Sectioning titles
\ttl@box=\box54
\beforetitleunit=\skip52
\aftertitleunit=\skip53
\ttl@plus=\dimen160
\ttl@minus=\dimen161
\ttl@toksa=\toks23
\titlewidth=\dimen162
\titlewidthlast=\dimen163
\titlewidthfirst=\dimen164
)
(/usr/local/texlive/2025/texmf-dist/tex/latex/xcolor/xcolor.sty
Package: xcolor 2024/09/29 v3.02 LaTeX color extensions (UK)

(/usr/local/texlive/2025/texmf-dist/tex/latex/graphics-cfg/color.cfg
File: color.cfg 2016/01/02 v1.6 sample color configuration
)
Package xcolor Info: Driver file: pdftex.def on input line 274.

(/usr/local/texlive/2025/texmf-dist/tex/latex/graphics-def/pdftex.def
File: pdftex.def 2025/09/29 v1.2d Graphics/color driver for pdftex
)
(/usr/local/texlive/2025/texmf-dist/tex/latex/graphics/mathcolor.ltx)
Package xcolor Info: Model `cmy' substituted by `cmy0' on input line 1349.
Package xcolor Info: Model `hsb' substituted by `rgb' on input line 1353.
Package xcolor Info: Model `RGB' extended on input line 1365.
Package xcolor Info: Model `HTML' substituted by `rgb' on input line 1367.
Package xcolor Info: Model `Hsb' substituted by `hsb' on input line 1368.
Package xcolor Info: Model `tHsb' substituted by `hsb' on input line 1369.
Package xcolor Info: Model `HSB' substituted by `hsb' on input line 1370.
Package xcolor Info: Model `Gray' substituted by `gray' on input line 1371.
Package xcolor Info: Model `wave' substituted by `hsb' on input line 1372.
)
(/usr/local/texlive/2025/texmf-dist/tex/latex/bmstu/bmstu-figure.sty
(/usr/local/texlive/2025/texmf-dist/tex/latex/graphics/graphicx.sty
Package: graphicx 2024/12/31 v1.2e Enhanced LaTeX Graphics (DPC,SPQR)

(/usr/local/texlive/2025/texmf-dist/tex/latex/graphics/graphics.sty
Package: graphics 2024/08/06 v1.4g Standard LaTeX Graphics (DPC,SPQR)

(/usr/local/texlive/2025/texmf-dist/tex/latex/graphics/trig.sty
Package: trig 2023/12/02 v1.11 sin cos tan (DPC)
)
(/usr/local/texlive/2025/texmf-dist/tex/latex/graphics-cfg/graphics.cfg
File: graphics.cfg 2016/06/04 v1.11 sample graphics configuration
)
Package graphics Info: Driver file: pdftex.def on input line 106.
)
\Gin@req@height=\dimen165
\Gin@req@width=\dimen166
)
(/usr/local/texlive/2025/texmf-dist/tex/latex/float/float.sty
Package: float 2001/11/08 v1.3d Float enhancements (AL)
\c@float@type=\count292
\float@exts=\toks24
\float@box=\box55
\@float@everytoks=\toks25
\@floatcapt=\box56
)
(/usr/local/texlive/2025/texmf-dist/tex/latex/wrapfig/wrapfig.sty
\wrapoverhang=\dimen167
\WF@size=\dimen168
\c@WF@wrappedlines=\count293
\WF@box=\box57
\WF@everypar=\toks26
Package: wrapfig 2003/01/31  v 3.6
)
(/usr/local/texlive/2025/texmf-dist/tex/latex/tikzscale/tikzscale.sty
Package: tikzscale 2013/05/22 v0.2.6 tikzscale LaTeX package

(/usr/local/texlive/2025/texmf-dist/tex/latex/pgf/utilities/pgfkeys.sty
(/usr/local/texlive/2025/texmf-dist/tex/generic/pgf/utilities/pgfkeys.code.tex
\pgfkeys@pathtoks=\toks27
\pgfkeys@temptoks=\toks28

(/usr/local/texlive/2025/texmf-dist/tex/generic/pgf/utilities/pgfkeyslibraryfil
tered.code.tex
\pgfkeys@tmptoks=\toks29
)))
(/usr/local/texlive/2025/texmf-dist/tex/latex/l3packages/xparse/xparse.sty
(/usr/local/texlive/2025/texmf-dist/tex/latex/l3kernel/expl3.sty
Package: expl3 2026-01-19 L3 programming layer (loader) 

(/usr/local/texlive/2025/texmf-dist/tex/latex/l3backend/l3backend-pdftex.def
File: l3backend-pdftex.def 2025-10-09 L3 backend support: PDF output (pdfTeX)
\l__color_backend_stack_int=\count294
))
Package: xparse 2025-10-09 L3 Experimental document command parser
) (/usr/local/texlive/2025/texmf-dist/tex/latex/letltxmacro/letltxmacro.sty
Package: letltxmacro 2019/12/03 v1.6 Let assignment for LaTeX macros (HO)
)
(/usr/local/texlive/2025/texmf-dist/tex/generic/xstring/xstring.sty
(/usr/local/texlive/2025/texmf-dist/tex/generic/xstring/xstring.tex
\xs_counta=\count295
\xs_countb=\count296
)
Package: xstring 2023/08/22 v1.86 String manipulations (CT)
)
\tikzscale@measuredSize=\box58
)
(/usr/local/texlive/2025/texmf-dist/tex/latex/pgfplots/pgfplots.sty
(/usr/local/texlive/2025/texmf-dist/tex/generic/pgfplots/pgfplots.revision.tex)
Package: pgfplots 2025/08/14 v1.18.2 Data Visualization (1.18.2)
(/usr/local/texlive/2025/texmf-dist/tex/latex/pgf/frontendlayer/tikz.sty
(/usr/local/texlive/2025/texmf-dist/tex/latex/pgf/basiclayer/pgf.sty
(/usr/local/texlive/2025/texmf-dist/tex/latex/pgf/utilities/pgfrcs.sty
(/usr/local/texlive/2025/texmf-dist/tex/generic/pgf/utilities/pgfutil-common.te
x
\pgfutil@everybye=\toks30
\pgfutil@tempdima=\dimen169
\pgfutil@tempdimb=\dimen170
)
(/usr/local/texlive/2025/texmf-dist/tex/generic/pgf/utilities/pgfutil-latex.def
\pgfutil@abb=\box59
) (/usr/local/texlive/2025/texmf-dist/tex/generic/pgf/utilities/pgfrcs.code.tex
(/usr/local/texlive/2025/texmf-dist/tex/generic/pgf/pgf.revision.tex)
Package: pgfrcs 2025-08-29 v3.1.11a (3.1.11a)
))
Package: pgf 2025-08-29 v3.1.11a (3.1.11a)

(/usr/local/texlive/2025/texmf-dist/tex/latex/pgf/basiclayer/pgfcore.sty
(/usr/local/texlive/2025/texmf-dist/tex/latex/pgf/systemlayer/pgfsys.sty
(/usr/local/texlive/2025/texmf-dist/tex/generic/pgf/systemlayer/pgfsys.code.tex
Package: pgfsys 2025-08-29 v3.1.11a (3.1.11a)
\pgf@x=\dimen171
\pgf@y=\dimen172
\pgf@xa=\dimen173
\pgf@ya=\dimen174
\pgf@xb=\dimen175
\pgf@yb=\dimen176
\pgf@xc=\dimen177
\pgf@yc=\dimen178
\pgf@xd=\dimen179
\pgf@yd=\dimen180
\w@pgf@writea=\write3
\r@pgf@reada=\read3
\c@pgf@counta=\count297
\c@pgf@countb=\count298
\c@pgf@countc=\count299
\c@pgf@countd=\count300
\t@pgf@toka=\toks31
\t@pgf@tokb=\toks32
\t@pgf@tokc=\toks33
\pgf@sys@id@count=\count301
(/usr/local/texlive/2025/texmf-dist/tex/generic/pgf/systemlayer/pgf.cfg
File: pgf.cfg 2025-08-29 v3.1.11a (3.1.11a)
)
Driver file for pgf: pgfsys-pdftex.def

(/usr/local/texlive/2025/texmf-dist/tex/generic/pgf/systemlayer/pgfsys-pdftex.d
ef
File: pgfsys-pdftex.def 2025-08-29 v3.1.11a (3.1.11a)

(/usr/local/texlive/2025/texmf-dist/tex/generic/pgf/systemlayer/pgfsys-common-p
df.def
File: pgfsys-common-pdf.def 2025-08-29 v3.1.11a (3.1.11a)
)))
(/usr/local/texlive/2025/texmf-dist/tex/generic/pgf/systemlayer/pgfsyssoftpath.
code.tex
File: pgfsyssoftpath.code.tex 2025-08-29 v3.1.11a (3.1.11a)
\pgfsyssoftpath@smallbuffer@items=\count302
\pgfsyssoftpath@bigbuffer@items=\count303
)
(/usr/local/texlive/2025/texmf-dist/tex/generic/pgf/systemlayer/pgfsysprotocol.
code.tex
File: pgfsysprotocol.code.tex 2025-08-29 v3.1.11a (3.1.11a)
))
(/usr/local/texlive/2025/texmf-dist/tex/generic/pgf/basiclayer/pgfcore.code.tex
Package: pgfcore 2025-08-29 v3.1.11a (3.1.11a)
(/usr/local/texlive/2025/texmf-dist/tex/generic/pgf/math/pgfmath.code.tex
(/usr/local/texlive/2025/texmf-dist/tex/generic/pgf/math/pgfmathutil.code.tex)
(/usr/local/texlive/2025/texmf-dist/tex/generic/pgf/math/pgfmathparser.code.tex
\pgfmath@dimen=\dimen181
\pgfmath@count=\count304
\pgfmath@box=\box60
\pgfmath@toks=\toks34
\pgfmath@stack@operand=\toks35
\pgfmath@stack@operation=\toks36
)
(/usr/local/texlive/2025/texmf-dist/tex/generic/pgf/math/pgfmathfunctions.code.
tex)
(/usr/local/texlive/2025/texmf-dist/tex/generic/pgf/math/pgfmathfunctions.basic
.code.tex)
(/usr/local/texlive/2025/texmf-dist/tex/generic/pgf/math/pgfmathfunctions.trigo
nometric.code.tex)
(/usr/local/texlive/2025/texmf-dist/tex/generic/pgf/math/pgfmathfunctions.rando
m.code.tex)
(/usr/local/texlive/2025/texmf-dist/tex/generic/pgf/math/pgfmathfunctions.compa
rison.code.tex)
(/usr/local/texlive/2025/texmf-dist/tex/generic/pgf/math/pgfmathfunctions.base.
code.tex)
(/usr/local/texlive/2025/texmf-dist/tex/generic/pgf/math/pgfmathfunctions.round
.code.tex)
(/usr/local/texlive/2025/texmf-dist/tex/generic/pgf/math/pgfmathfunctions.misc.
code.tex)
(/usr/local/texlive/2025/texmf-dist/tex/generic/pgf/math/pgfmathfunctions.integ
erarithmetics.code.tex)
(/usr/local/texlive/2025/texmf-dist/tex/generic/pgf/math/pgfmathcalc.code.tex)
(/usr/local/texlive/2025/texmf-dist/tex/generic/pgf/math/pgfmathfloat.code.tex
\c@pgfmathroundto@lastzeros=\count305
)) (/usr/local/texlive/2025/texmf-dist/tex/generic/pgf/math/pgfint.code.tex)
(/usr/local/texlive/2025/texmf-dist/tex/generic/pgf/basiclayer/pgfcorepoints.co
de.tex
File: pgfcorepoints.code.tex 2025-08-29 v3.1.11a (3.1.11a)
\pgf@picminx=\dimen182
\pgf@picmaxx=\dimen183
\pgf@picminy=\dimen184
\pgf@picmaxy=\dimen185
\pgf@pathminx=\dimen186
\pgf@pathmaxx=\dimen187
\pgf@pathminy=\dimen188
\pgf@pathmaxy=\dimen189
\pgf@xx=\dimen190
\pgf@xy=\dimen191
\pgf@yx=\dimen192
\pgf@yy=\dimen193
\pgf@zx=\dimen194
\pgf@zy=\dimen195
)
(/usr/local/texlive/2025/texmf-dist/tex/generic/pgf/basiclayer/pgfcorepathconst
ruct.code.tex
File: pgfcorepathconstruct.code.tex 2025-08-29 v3.1.11a (3.1.11a)
\pgf@path@lastx=\dimen196
\pgf@path@lasty=\dimen197
)
(/usr/local/texlive/2025/texmf-dist/tex/generic/pgf/basiclayer/pgfcorepathusage
.code.tex
File: pgfcorepathusage.code.tex 2025-08-29 v3.1.11a (3.1.11a)
\pgf@shorten@end@additional=\dimen198
\pgf@shorten@start@additional=\dimen199
)
(/usr/local/texlive/2025/texmf-dist/tex/generic/pgf/basiclayer/pgfcorescopes.co
de.tex
File: pgfcorescopes.code.tex 2025-08-29 v3.1.11a (3.1.11a)
\pgfpic=\box61
\pgf@hbox=\box62
\pgf@layerbox@main=\box63
\pgf@picture@serial@count=\count306
)
(/usr/local/texlive/2025/texmf-dist/tex/generic/pgf/basiclayer/pgfcoregraphicst
ate.code.tex
File: pgfcoregraphicstate.code.tex 2025-08-29 v3.1.11a (3.1.11a)
\pgflinewidth=\dimen256
)
(/usr/local/texlive/2025/texmf-dist/tex/generic/pgf/basiclayer/pgfcoretransform
ations.code.tex
File: pgfcoretransformations.code.tex 2025-08-29 v3.1.11a (3.1.11a)
\pgf@pt@x=\dimen257
\pgf@pt@y=\dimen258
\pgf@pt@temp=\dimen259
)
(/usr/local/texlive/2025/texmf-dist/tex/generic/pgf/basiclayer/pgfcorequick.cod
e.tex
File: pgfcorequick.code.tex 2025-08-29 v3.1.11a (3.1.11a)
)
(/usr/local/texlive/2025/texmf-dist/tex/generic/pgf/basiclayer/pgfcoreobjects.c
ode.tex
File: pgfcoreobjects.code.tex 2025-08-29 v3.1.11a (3.1.11a)
)
(/usr/local/texlive/2025/texmf-dist/tex/generic/pgf/basiclayer/pgfcorepathproce
ssing.code.tex
File: pgfcorepathprocessing.code.tex 2025-08-29 v3.1.11a (3.1.11a)
)
(/usr/local/texlive/2025/texmf-dist/tex/generic/pgf/basiclayer/pgfcorearrows.co
de.tex
File: pgfcorearrows.code.tex 2025-08-29 v3.1.11a (3.1.11a)
\pgfarrowsep=\dimen260
)
(/usr/local/texlive/2025/texmf-dist/tex/generic/pgf/basiclayer/pgfcoreshade.cod
e.tex
File: pgfcoreshade.code.tex 2025-08-29 v3.1.11a (3.1.11a)
\pgf@max=\dimen261
\pgf@sys@shading@range@num=\count307
\pgf@shadingcount=\count308
)
(/usr/local/texlive/2025/texmf-dist/tex/generic/pgf/basiclayer/pgfcoreimage.cod
e.tex
File: pgfcoreimage.code.tex 2025-08-29 v3.1.11a (3.1.11a)
)
(/usr/local/texlive/2025/texmf-dist/tex/generic/pgf/basiclayer/pgfcoreexternal.
code.tex
File: pgfcoreexternal.code.tex 2025-08-29 v3.1.11a (3.1.11a)
\pgfexternal@startupbox=\box64
)
(/usr/local/texlive/2025/texmf-dist/tex/generic/pgf/basiclayer/pgfcorelayers.co
de.tex
File: pgfcorelayers.code.tex 2025-08-29 v3.1.11a (3.1.11a)
)
(/usr/local/texlive/2025/texmf-dist/tex/generic/pgf/basiclayer/pgfcoretranspare
ncy.code.tex
File: pgfcoretransparency.code.tex 2025-08-29 v3.1.11a (3.1.11a)
)
(/usr/local/texlive/2025/texmf-dist/tex/generic/pgf/basiclayer/pgfcorepatterns.
code.tex
File: pgfcorepatterns.code.tex 2025-08-29 v3.1.11a (3.1.11a)
)
(/usr/local/texlive/2025/texmf-dist/tex/generic/pgf/basiclayer/pgfcorerdf.code.
tex
File: pgfcorerdf.code.tex 2025-08-29 v3.1.11a (3.1.11a)
)))
(/usr/local/texlive/2025/texmf-dist/tex/generic/pgf/modules/pgfmoduleshapes.cod
e.tex
File: pgfmoduleshapes.code.tex 2025-08-29 v3.1.11a (3.1.11a)
\pgfnodeparttextbox=\box65
)
(/usr/local/texlive/2025/texmf-dist/tex/generic/pgf/modules/pgfmoduleplot.code.
tex
File: pgfmoduleplot.code.tex 2025-08-29 v3.1.11a (3.1.11a)
)
(/usr/local/texlive/2025/texmf-dist/tex/latex/pgf/compatibility/pgfcomp-version
-0-65.sty
Package: pgfcomp-version-0-65 2025-08-29 v3.1.11a (3.1.11a)
\pgf@nodesepstart=\dimen262
\pgf@nodesepend=\dimen263
)
(/usr/local/texlive/2025/texmf-dist/tex/latex/pgf/compatibility/pgfcomp-version
-1-18.sty
Package: pgfcomp-version-1-18 2025-08-29 v3.1.11a (3.1.11a)
))
(/usr/local/texlive/2025/texmf-dist/tex/latex/pgf/utilities/pgffor.sty
(/usr/local/texlive/2025/texmf-dist/tex/latex/pgf/math/pgfmath.sty
(/usr/local/texlive/2025/texmf-dist/tex/generic/pgf/math/pgfmath.code.tex))
(/usr/local/texlive/2025/texmf-dist/tex/generic/pgf/utilities/pgffor.code.tex
Package: pgffor 2025-08-29 v3.1.11a (3.1.11a)
\pgffor@iter=\dimen264
\pgffor@skip=\dimen265
\pgffor@stack=\toks37
\pgffor@toks=\toks38
))
(/usr/local/texlive/2025/texmf-dist/tex/generic/pgf/frontendlayer/tikz/tikz.cod
e.tex
Package: tikz 2025-08-29 v3.1.11a (3.1.11a)

(/usr/local/texlive/2025/texmf-dist/tex/generic/pgf/libraries/pgflibraryplothan
dlers.code.tex
File: pgflibraryplothandlers.code.tex 2025-08-29 v3.1.11a (3.1.11a)
\pgf@plot@mark@count=\count309
\pgfplotmarksize=\dimen266
)
\tikz@lastx=\dimen267
\tikz@lasty=\dimen268
\tikz@lastxsaved=\dimen269
\tikz@lastysaved=\dimen270
\tikz@lastmovetox=\dimen271
\tikz@lastmovetoy=\dimen272
\tikzleveldistance=\dimen273
\tikzsiblingdistance=\dimen274
\tikz@figbox=\box66
\tikz@figbox@bg=\box67
\tikz@tempbox=\box68
\tikz@tempbox@bg=\box69
\tikztreelevel=\count310
\tikznumberofchildren=\count311
\tikznumberofcurrentchild=\count312
\tikz@fig@count=\count313

(/usr/local/texlive/2025/texmf-dist/tex/generic/pgf/modules/pgfmodulematrix.cod
e.tex
File: pgfmodulematrix.code.tex 2025-08-29 v3.1.11a (3.1.11a)
\pgfmatrixcurrentrow=\count314
\pgfmatrixcurrentcolumn=\count315
\pgf@matrix@numberofcolumns=\count316
)
\tikz@expandcount=\count317

(/usr/local/texlive/2025/texmf-dist/tex/generic/pgf/frontendlayer/tikz/librarie
s/tikzlibrarytopaths.code.tex
File: tikzlibrarytopaths.code.tex 2025-08-29 v3.1.11a (3.1.11a)
)))
(/usr/local/texlive/2025/texmf-dist/tex/generic/pgfplots/pgfplots.code.tex
(/usr/local/texlive/2025/texmf-dist/tex/generic/pgfplots/pgfplotscore.code.tex
\t@pgfplots@toka=\toks39
\t@pgfplots@tokb=\toks40
\t@pgfplots@tokc=\toks41
\pgfplots@tmpa=\dimen275
\c@pgfplots@coordindex=\count318
\c@pgfplots@scanlineindex=\count319

(/usr/local/texlive/2025/texmf-dist/tex/generic/pgfplots/sys/pgfplotssysgeneric
.code.tex))
(/usr/local/texlive/2025/texmf-dist/tex/generic/pgfplots/libs/pgfplotslibrary.c
ode.tex)
(/usr/local/texlive/2025/texmf-dist/tex/generic/pgfplots/oldpgfcompatib/pgfplot
soldpgfsupp_loader.code.tex
(/usr/local/texlive/2025/texmf-dist/tex/generic/pgf/libraries/pgflibraryfpu.cod
e.tex)
(/usr/local/texlive/2025/texmf-dist/tex/generic/pgfplots/oldpgfcompatib/pgfplot
soldpgfsupp_pgfutil-common-lists.tex))
(/usr/local/texlive/2025/texmf-dist/tex/generic/pgfplots/util/pgfplotsutil.code
.tex
(/usr/local/texlive/2025/texmf-dist/tex/generic/pgfplots/liststructure/pgfplots
liststructure.code.tex)
(/usr/local/texlive/2025/texmf-dist/tex/generic/pgfplots/liststructure/pgfplots
liststructureext.code.tex)
(/usr/local/texlive/2025/texmf-dist/tex/generic/pgfplots/liststructure/pgfplots
array.code.tex
\c@pgfplotsarray@tmp=\count320
)
(/usr/local/texlive/2025/texmf-dist/tex/generic/pgfplots/liststructure/pgfplots
matrix.code.tex)
(/usr/local/texlive/2025/texmf-dist/tex/generic/pgfplots/numtable/pgfplotstable
shared.code.tex
\c@pgfplotstable@counta=\count321
\t@pgfplotstable@a=\toks42
)
(/usr/local/texlive/2025/texmf-dist/tex/generic/pgfplots/liststructure/pgfplots
deque.code.tex)
(/usr/local/texlive/2025/texmf-dist/tex/generic/pgfplots/util/pgfplotsbinary.co
de.tex
(/usr/local/texlive/2025/texmf-dist/tex/generic/pgfplots/util/pgfplotsbinary.da
ta.code.tex))
(/usr/local/texlive/2025/texmf-dist/tex/generic/pgfplots/util/pgfplotsutil.verb
.code.tex)
(/usr/local/texlive/2025/texmf-dist/tex/generic/pgfplots/libs/pgflibrarypgfplot
s.surfshading.code.tex
\c@pgfplotslibrarysurf@no=\count322

(/usr/local/texlive/2025/texmf-dist/tex/generic/pgfplots/sys/pgflibrarypgfplots
.surfshading.pgfsys-pdftex.def)))
(/usr/local/texlive/2025/texmf-dist/tex/generic/pgfplots/util/pgfplotscolormap.
code.tex
(/usr/local/texlive/2025/texmf-dist/tex/generic/pgfplots/util/pgfplotscolor.cod
e.tex))
(/usr/local/texlive/2025/texmf-dist/tex/generic/pgfplots/pgfplotsstackedplots.c
ode.tex)
(/usr/local/texlive/2025/texmf-dist/tex/generic/pgfplots/pgfplotsplothandlers.c
ode.tex
(/usr/local/texlive/2025/texmf-dist/tex/generic/pgfplots/pgfplotsmeshplothandle
r.code.tex
(/usr/local/texlive/2025/texmf-dist/tex/generic/pgfplots/pgfplotsmeshplotimage.
code.tex)))
(/usr/local/texlive/2025/texmf-dist/tex/generic/pgfplots/pgfplots.scaling.code.
tex)
(/usr/local/texlive/2025/texmf-dist/tex/generic/pgfplots/pgfplotscoordprocessin
g.code.tex)
(/usr/local/texlive/2025/texmf-dist/tex/generic/pgfplots/pgfplots.errorbars.cod
e.tex)
(/usr/local/texlive/2025/texmf-dist/tex/generic/pgfplots/pgfplots.markers.code.
tex)
(/usr/local/texlive/2025/texmf-dist/tex/generic/pgfplots/pgfplotsticks.code.tex
)
(/usr/local/texlive/2025/texmf-dist/tex/generic/pgfplots/pgfplots.paths.code.te
x)
(/usr/local/texlive/2025/texmf-dist/tex/generic/pgf/frontendlayer/tikz/librarie
s/tikzlibrarydecorations.code.tex
(/usr/local/texlive/2025/texmf-dist/tex/generic/pgf/modules/pgfmoduledecoration
s.code.tex
\pgfdecoratedcompleteddistance=\dimen276
\pgfdecoratedremainingdistance=\dimen277
\pgfdecoratedinputsegmentcompleteddistance=\dimen278
\pgfdecoratedinputsegmentremainingdistance=\dimen279
\pgf@decorate@distancetomove=\dimen280
\pgf@decorate@repeatstate=\count323
\pgfdecorationsegmentamplitude=\dimen281
\pgfdecorationsegmentlength=\dimen282
)
\tikz@lib@dec@box=\box70
)
(/usr/local/texlive/2025/texmf-dist/tex/generic/pgf/frontendlayer/tikz/librarie
s/tikzlibrarydecorations.pathmorphing.code.tex
(/usr/local/texlive/2025/texmf-dist/tex/generic/pgf/libraries/decorations/pgfli
brarydecorations.pathmorphing.code.tex))
(/usr/local/texlive/2025/texmf-dist/tex/generic/pgf/frontendlayer/tikz/librarie
s/tikzlibrarydecorations.pathreplacing.code.tex
(/usr/local/texlive/2025/texmf-dist/tex/generic/pgf/libraries/decorations/pgfli
brarydecorations.pathreplacing.code.tex))
(/usr/local/texlive/2025/texmf-dist/tex/generic/pgfplots/libs/tikzlibrarypgfplo
ts.contourlua.code.tex)
\pgfplots@numplots=\count324
\pgfplots@xmin@reg=\dimen283
\pgfplots@xmax@reg=\dimen284
\pgfplots@ymin@reg=\dimen285
\pgfplots@ymax@reg=\dimen286
\pgfplots@zmin@reg=\dimen287
\pgfplots@zmax@reg=\dimen288
)
(/usr/local/texlive/2025/texmf-dist/tex/generic/pgf/frontendlayer/tikz/librarie
s/tikzlibraryplotmarks.code.tex
File: tikzlibraryplotmarks.code.tex 2025-08-29 v3.1.11a (3.1.11a)

(/usr/local/texlive/2025/texmf-dist/tex/generic/pgf/libraries/pgflibraryplotmar
ks.code.tex
File: pgflibraryplotmarks.code.tex 2025-08-29 v3.1.11a (3.1.11a)
))))
(/usr/local/texlive/2025/texmf-dist/tex/latex/bmstu/bmstu-listing.sty
(/usr/local/texlive/2025/texmf-dist/tex/latex/listings/listings.sty
\lst@mode=\count325
\lst@gtempboxa=\box71
\lst@token=\toks43
\lst@length=\count326
\lst@currlwidth=\dimen289
\lst@column=\count327
\lst@pos=\count328
\lst@lostspace=\dimen290
\lst@width=\dimen291
\lst@newlines=\count329
\lst@lineno=\count330
\lst@maxwidth=\dimen292

(/usr/local/texlive/2025/texmf-dist/tex/latex/listings/lstpatch.sty
File: lstpatch.sty 2025/11/14 1.11b (Carsten Heinz)
)
(/usr/local/texlive/2025/texmf-dist/tex/latex/listings/lstmisc.sty
File: lstmisc.sty 2025/11/14 1.11b (Carsten Heinz)
\c@lstnumber=\count331
\lst@skipnumbers=\count332
\lst@framebox=\box72
)
(/usr/local/texlive/2025/texmf-dist/tex/latex/listings/listings.cfg
File: listings.cfg 2025/11/14 1.11b listings configuration
))
Package: listings 2025/11/14 1.11b (Carsten Heinz)

==> First Aid for listings.sty no longer applied!
    Expected:
        2024/09/23 1.10c (Carsten Heinz)
    but found:
        2025/11/14 1.11b (Carsten Heinz)
    so I'm assuming it got fixed.
(/usr/local/texlive/2025/texmf-dist/tex/latex/listingsutf8/listingsutf8.sty
Package: listingsutf8 2019-12-10 v1.5 Allow UTF-8 in listings input (HO)

(/usr/local/texlive/2025/texmf-dist/tex/generic/pdftexcmds/pdftexcmds.sty
Package: pdftexcmds 2020-06-27 v0.33 Utility functions of pdfTeX for LuaTeX (HO
)

(/usr/local/texlive/2025/texmf-dist/tex/generic/infwarerr/infwarerr.sty
Package: infwarerr 2019/12/03 v1.5 Providing info/warning/error messages (HO)
)
(/usr/local/texlive/2025/texmf-dist/tex/generic/ltxcmds/ltxcmds.sty
Package: ltxcmds 2023-12-04 v1.26 LaTeX kernel commands for general use (HO)
)
Package pdftexcmds Info: \pdf@primitive is available.
Package pdftexcmds Info: \pdf@ifprimitive is available.
Package pdftexcmds Info: \pdfdraftmode found.
)
(/usr/local/texlive/2025/texmf-dist/tex/generic/stringenc/stringenc.sty
Package: stringenc 2019/11/29 v1.12 Convert strings between diff. encodings (HO
)

(/usr/local/texlive/2025/texmf-dist/tex/generic/pdfescape/pdfescape.sty
Package: pdfescape 2019/12/09 v1.15 Implements pdfTeX's escape features (HO)
))))
(/usr/local/texlive/2025/texmf-dist/tex/latex/tools/tabularx.sty
Package: tabularx 2023/12/11 v2.12a `tabularx' package (DPC)

(/usr/local/texlive/2025/texmf-dist/tex/latex/tools/array.sty
Package: array 2025/09/25 v2.6n Tabular extension package (FMi)
\col@sep=\dimen293
\ar@mcellbox=\box73
\extrarowheight=\dimen294
\NC@list=\toks44
\extratabsurround=\skip54
\backup@length=\skip55
\ar@cellbox=\box74
)
\TX@col@width=\dimen295
\TX@old@table=\dimen296
\TX@old@col=\dimen297
\TX@target=\dimen298
\TX@delta=\dimen299
\TX@cols=\count333
\TX@ftn=\toks45
)
(/usr/local/texlive/2025/texmf-dist/tex/latex/booktabs/booktabs.sty
Package: booktabs 2020/01/12 v1.61803398 Publication quality tables
\heavyrulewidth=\dimen300
\lightrulewidth=\dimen301
\cmidrulewidth=\dimen302
\belowrulesep=\dimen303
\belowbottomsep=\dimen304
\aboverulesep=\dimen305
\abovetopsep=\dimen306
\cmidrulesep=\dimen307
\cmidrulekern=\dimen308
\defaultaddspace=\dimen309
\@cmidla=\count334
\@cmidlb=\count335
\@aboverulesep=\dimen310
\@belowrulesep=\dimen311
\@thisruleclass=\count336
\@lastruleclass=\count337
\@thisrulewidth=\dimen312
)
(/usr/local/texlive/2025/texmf-dist/tex/latex/caption/caption.sty
Package: caption 2023/08/05 v3.6o Customizing captions (AR)

(/usr/local/texlive/2025/texmf-dist/tex/latex/caption/caption3.sty
Package: caption3 2023/07/31 v2.4d caption3 kernel (AR)
\caption@tempdima=\dimen313
\captionmargin=\dimen314
\caption@leftmargin=\dimen315
\caption@rightmargin=\dimen316
\caption@width=\dimen317
\caption@indent=\dimen318
\caption@parindent=\dimen319
\caption@hangindent=\dimen320
Package caption Info: Standard document class detected.
)
Package caption Info: Option `figurename' requires the `newfloat' package on in
put line 172.

(/usr/local/texlive/2025/texmf-dist/tex/latex/newfloat/newfloat.sty
Package: newfloat 2023/10/01 v1.2 Defining new floating environments (AR)
Package newfloat Info: Document class `report' detected (original).
Package newfloat Info: `wrapfig' package detected.
)
\c@caption@flags=\count338
\c@continuedfloat=\count339
Package caption Info: float package is loaded.
Package caption Info: listings package is loaded.
Package caption Info: wrapfig package is loaded.
)
(/usr/local/texlive/2025/texmf-dist/tex/latex/graphics/lscape.sty
Package: lscape 2020/05/28 v3.02 Landscape Pages (DPC)
)
(/usr/local/texlive/2025/texmf-dist/tex/latex/tools/afterpage.sty
Package: afterpage 2023/07/04 v1.08 After-Page Package (DPC)
\AP@output=\toks46
\AP@partial=\box75
\AP@footins=\box76
)
(/usr/local/texlive/2025/texmf-dist/tex/latex/amsmath/amsmath.sty
Package: amsmath 2025/07/09 v2.17z AMS math features
\@mathmargin=\skip56

For additional information on amsmath, use the `?' option.
(/usr/local/texlive/2025/texmf-dist/tex/latex/amsmath/amstext.sty
Package: amstext 2024/11/17 v2.01 AMS text

(/usr/local/texlive/2025/texmf-dist/tex/latex/amsmath/amsgen.sty
File: amsgen.sty 1999/11/30 v2.0 generic functions
\@emptytoks=\toks47
\ex@=\dimen321
))
(/usr/local/texlive/2025/texmf-dist/tex/latex/amsmath/amsbsy.sty
Package: amsbsy 1999/11/29 v1.2d Bold Symbols
\pmbraise@=\dimen322
)
(/usr/local/texlive/2025/texmf-dist/tex/latex/amsmath/amsopn.sty
Package: amsopn 2022/04/08 v2.04 operator names
)
\inf@bad=\count340
LaTeX Info: Redefining \frac on input line 233.
\uproot@=\count341
\leftroot@=\count342
LaTeX Info: Redefining \overline on input line 398.
LaTeX Info: Redefining \colon on input line 409.
\classnum@=\count343
\DOTSCASE@=\count344
LaTeX Info: Redefining \ldots on input line 495.
LaTeX Info: Redefining \dots on input line 498.
LaTeX Info: Redefining \cdots on input line 619.
\Mathstrutbox@=\box77
\strutbox@=\box78
LaTeX Info: Redefining \big on input line 721.
LaTeX Info: Redefining \Big on input line 722.
LaTeX Info: Redefining \bigg on input line 723.
LaTeX Info: Redefining \Bigg on input line 724.
\big@size=\dimen323
LaTeX Font Info:    Redeclaring font encoding OML on input line 742.
LaTeX Font Info:    Redeclaring font encoding OMS on input line 743.
\macc@depth=\count345
LaTeX Info: Redefining \bmod on input line 904.
LaTeX Info: Redefining \pmod on input line 909.
LaTeX Info: Redefining \smash on input line 939.
LaTeX Info: Redefining \relbar on input line 969.
LaTeX Info: Redefining \Relbar on input line 970.
\c@MaxMatrixCols=\count346
\dotsspace@=\muskip17
\c@parentequation=\count347
\dspbrk@lvl=\count348
\tag@help=\toks48
\row@=\count349
\column@=\count350
\maxfields@=\count351
\andhelp@=\toks49
\eqnshift@=\dimen324
\alignsep@=\dimen325
\tagshift@=\dimen326
\tagwidth@=\dimen327
\totwidth@=\dimen328
\lineht@=\dimen329
\@envbody=\toks50
\multlinegap=\skip57
\multlinetaggap=\skip58
\mathdisplay@stack=\toks51
LaTeX Info: Redefining \[ on input line 2950.
LaTeX Info: Redefining \] on input line 2951.
)
(/usr/local/texlive/2025/texmf-dist/tex/latex/amsfonts/amssymb.sty
Package: amssymb 2013/01/14 v3.01 AMS font symbols

(/usr/local/texlive/2025/texmf-dist/tex/latex/amsfonts/amsfonts.sty
Package: amsfonts 2013/01/14 v3.01 Basic AMSFonts support
\symAMSa=\mathgroup4
\symAMSb=\mathgroup5
LaTeX Font Info:    Redeclaring math symbol \hbar on input line 98.
LaTeX Font Info:    Overwriting math alphabet `\mathfrak' in version `bold'
(Font)                  U/euf/m/n --> U/euf/b/n on input line 106.
))
(/usr/local/texlive/2025/texmf-dist/tex/latex/biblatex/biblatex.sty
Package: biblatex 2025/07/10 v3.21 programmable bibliographies (PK/MW)

(/usr/local/texlive/2025/texmf-dist/tex/latex/kvoptions/kvoptions.sty
Package: kvoptions 2022-06-15 v3.15 Key value format for package options (HO)

(/usr/local/texlive/2025/texmf-dist/tex/latex/kvsetkeys/kvsetkeys.sty
Package: kvsetkeys 2022-10-05 v1.19 Key value parser (HO)
))
(/usr/local/texlive/2025/texmf-dist/tex/latex/logreq/logreq.sty
Package: logreq 2010/08/04 v1.0 xml request logger
\lrq@indent=\count352

(/usr/local/texlive/2025/texmf-dist/tex/latex/logreq/logreq.def
File: logreq.def 2010/08/04 v1.0 logreq spec v1.0
))
(/usr/local/texlive/2025/texmf-dist/tex/latex/base/ifthen.sty
Package: ifthen 2024/03/16 v1.1e Standard LaTeX ifthen package (DPC)
)
(/usr/local/texlive/2025/texmf-dist/tex/latex/url/url.sty
\Urlmuskip=\muskip18
Package: url 2013/09/16  ver 3.4  Verb mode for urls, etc.
)
\c@tabx@nest=\count353
\c@listtotal=\count354
\c@listcount=\count355
\c@liststart=\count356
\c@liststop=\count357
\c@citecount=\count358
\c@citetotal=\count359
\c@multicitecount=\count360
\c@multicitetotal=\count361
\c@instcount=\count362
\c@maxnames=\count363
\c@minnames=\count364
\c@maxitems=\count365
\c@minitems=\count366
\c@citecounter=\count367
\c@maxcitecounter=\count368
\c@savedcitecounter=\count369
\c@uniquelist=\count370
\c@uniquename=\count371
\c@refsection=\count372
\c@refsegment=\count373
\c@maxextratitle=\count374
\c@maxextratitleyear=\count375
\c@maxextraname=\count376
\c@maxextradate=\count377
\c@maxextraalpha=\count378
\c@abbrvpenalty=\count379
\c@highnamepenalty=\count380
\c@lownamepenalty=\count381
\c@maxparens=\count382
\c@parenlevel=\count383
\blx@tempcnta=\count384
\blx@tempcntb=\count385
\blx@tempcntc=\count386
\c@blx@maxsection=\count387
\blx@maxsegment@0=\count388
\blx@notetype=\count389
\blx@parenlevel@text=\count390
\blx@parenlevel@foot=\count391
\blx@sectionciteorder@0=\count392
\blx@sectionciteorderinternal@0=\count393
\blx@entrysetcounter=\count394
\blx@biblioinstance=\count395
\labelnumberwidth=\skip59
\labelalphawidth=\skip60
\biblabelsep=\skip61
\bibitemsep=\skip62
\bibnamesep=\skip63
\bibinitsep=\skip64
\bibparsep=\skip65
\bibhang=\skip66
\blx@bcfin=\read4
\blx@bcfout=\write4
\blx@langwohyphens=\language91
\c@mincomprange=\count396
\c@maxcomprange=\count397
\c@mincompwidth=\count398
Package biblatex Info: Trying to load biblatex default data model...
Package biblatex Info: ... file 'blx-dm.def' found.

(/usr/local/texlive/2025/texmf-dist/tex/latex/biblatex/blx-dm.def
File: blx-dm.def 2025/07/10 v3.21 biblatex datamodel (PK/MW)
)
Package biblatex Info: Trying to load biblatex style data model...
Package biblatex Info: ... file 'gost-numeric.dbx' found.

(/usr/local/texlive/2025/texmf-dist/tex/latex/biblatex-gost/gost-numeric.dbx
File: gost-numeric.dbx 2023/04/25 v1.24 biblatex-gost data model
Package biblatex Info: Trying to load biblatex-gost data model...
Package biblatex Info: ... file 'biblatex-gost.dbx' found.

(/usr/local/texlive/2025/texmf-dist/tex/latex/biblatex-gost/biblatex-gost.dbx
File: biblatex-gost.dbx 2023/04/25 v1.24 biblatex-gost data model
))
Package biblatex Info: Trying to load biblatex custom data model...
Package biblatex Info: ... file 'biblatex-dm.cfg' not found.
\c@afterword=\count399
\c@savedafterword=\count400
\c@annotator=\count401
\c@savedannotator=\count402
\c@author=\count403
\c@savedauthor=\count404
\c@bookauthor=\count405
\c@savedbookauthor=\count406
\c@commentator=\count407
\c@savedcommentator=\count408
\c@editor=\count409
\c@savededitor=\count410
\c@editora=\count411
\c@savededitora=\count412
\c@editorb=\count413
\c@savededitorb=\count414
\c@editorc=\count415
\c@savededitorc=\count416
\c@foreword=\count417
\c@savedforeword=\count418
\c@holder=\count419
\c@savedholder=\count420
\c@introduction=\count421
\c@savedintroduction=\count422
\c@namea=\count423
\c@savednamea=\count424
\c@nameb=\count425
\c@savednameb=\count426
\c@namec=\count427
\c@savednamec=\count428
\c@translator=\count429
\c@savedtranslator=\count430
\c@shortauthor=\count431
\c@savedshortauthor=\count432
\c@shorteditor=\count433
\c@savedshorteditor=\count434
\c@booktranslator=\count435
\c@savedbooktranslator=\count436
\c@bookcommentator=\count437
\c@savedbookcommentator=\count438
\c@bookannotator=\count439
\c@savedbookannotator=\count440
\c@bookintroduction=\count441
\c@savedbookintroduction=\count442
\c@bookforeword=\count443
\c@savedbookforeword=\count444
\c@bookafterword=\count445
\c@savedbookafterword=\count446
\c@labelname=\count447
\c@savedlabelname=\count448
\c@institution=\count449
\c@savedinstitution=\count450
\c@lista=\count451
\c@savedlista=\count452
\c@listb=\count453
\c@savedlistb=\count454
\c@listc=\count455
\c@savedlistc=\count456
\c@listd=\count457
\c@savedlistd=\count458
\c@liste=\count459
\c@savedliste=\count460
\c@listf=\count461
\c@savedlistf=\count462
\c@location=\count463
\c@savedlocation=\count464
\c@organization=\count465
\c@savedorganization=\count466
\c@origlocation=\count467
\c@savedoriglocation=\count468
\c@origpublisher=\count469
\c@savedorigpublisher=\count470
\c@publisher=\count471
\c@savedpublisher=\count472
\c@language=\count473
\c@savedlanguage=\count474
\c@origlanguage=\count475
\c@savedoriglanguage=\count476
\c@bookoriglanguage=\count477
\c@savedbookoriglanguage=\count478
\c@specdata=\count479
\c@savedspecdata=\count480
\c@credits=\count481
\c@savedcredits=\count482
\c@bookcredits=\count483
\c@savedbookcredits=\count484
\c@editioncredits=\count485
\c@savededitioncredits=\count486
\c@pageref=\count487
\c@savedpageref=\count488
\shorthandwidth=\skip67
\shortjournalwidth=\skip68
\shortserieswidth=\skip69
\shorttitlewidth=\skip70
\shortauthorwidth=\skip71
\shorteditorwidth=\skip72
\locallabelnumberwidth=\skip73
\locallabelalphawidth=\skip74
\localshorthandwidth=\skip75
\localshortjournalwidth=\skip76
\localshortserieswidth=\skip77
\localshorttitlewidth=\skip78
\localshortauthorwidth=\skip79
\localshorteditorwidth=\skip80
Package biblatex Info: Trying to load compatibility code...
Package biblatex Info: ... file 'blx-compat.def' found.
(/usr/local/texlive/2025/texmf-dist/tex/latex/biblatex/blx-compat.def
File: blx-compat.def 2025/07/10 v3.21 biblatex compatibility (PK/MW)
)
Package biblatex Info: Trying to load generic definitions...
Package biblatex Info: ... file 'biblatex.def' found.

(/usr/local/texlive/2025/texmf-dist/tex/latex/biblatex/biblatex.def
File: biblatex.def 2025/07/10 v3.21 biblatex compatibility (PK/MW)
\c@textcitecount=\count489
\c@textcitetotal=\count490
\c@textcitemaxnames=\count491
\c@biburlbigbreakpenalty=\count492
\c@biburlbreakpenalty=\count493
\c@biburlnumpenalty=\count494
\c@biburlucpenalty=\count495
\c@biburllcpenalty=\count496
\biburlbigskip=\muskip19
\biburlnumskip=\muskip20
\biburlucskip=\muskip21
\biburllcskip=\muskip22
\c@smartand=\count497
)
Package biblatex Info: Trying to load bibliography style 'gost-numeric'...
Package biblatex Info: ... file 'gost-numeric.bbx' found.

(/usr/local/texlive/2025/texmf-dist/tex/latex/biblatex-gost/gost-numeric.bbx
File: gost-numeric.bbx 2023/04/25 v1.24 biblatex-gost styles
Package biblatex Info: Trying to load bibliography style 'gost-standard'...
Package biblatex Info: ... file 'gost-standard.bbx' found.

(/usr/local/texlive/2025/texmf-dist/tex/latex/biblatex-gost/gost-standard.bbx
File: gost-standard.bbx 2023/04/25 v1.24 biblatex-gost styles
Package biblatex Info: Trying to load biblatex-gost generic definitions...
Package biblatex Info: ... file 'biblatex-gost.def' found.

(/usr/local/texlive/2025/texmf-dist/tex/latex/biblatex-gost/biblatex-gost.def
File: biblatex-gost.def 2023/04/25 v1.24 biblatex-gost styles
)
\c@blx@gost@pointer=\count498
\c@bbx:relatedcount=\count499
\c@bbx:relatedtotal=\count500
Package biblatex Info: Redefining autocite command 'footnote'.
Package biblatex Info: Redefining autocite command 'superscript'.
))
Package biblatex Info: Trying to load citation style 'gost-numeric'...
Package biblatex Info: ... file 'gost-numeric.cbx' found.
 (/usr/local/texlive/2025/texmf-dist/tex/latex/biblatex-gost/gost-numeric.cbx
File: gost-numeric.cbx 2023/04/25 v1.24 biblatex-gost styles
Package biblatex Info: Trying to load citation style 'numeric-comp'...
Package biblatex Info: ... file 'numeric-comp.cbx' found.

(/usr/local/texlive/2025/texmf-dist/tex/latex/biblatex/cbx/numeric-comp.cbx
File: numeric-comp.cbx 2025/07/10 v3.21 biblatex citation style (PK/MW)
\c@cbx@tempcnta=\count501
\c@cbx@tempcntb=\count502
\c@cbx@tempcntc=\count503
\c@cbx@tempcntd=\count504
Package biblatex Info: Redefining '\cite'.
Package biblatex Info: Redefining '\parencite'.
Package biblatex Info: Redefining '\footcite'.
Package biblatex Info: Redefining '\footcitetext'.
Package biblatex Info: Redefining '\smartcite'.
Package biblatex Info: Redefining '\supercite'.
Package biblatex Info: Redefining '\textcite'.
Package biblatex Info: Redefining '\textcites'.
Package biblatex Info: Redefining '\cites'.
Package biblatex Info: Redefining '\parencites'.
Package biblatex Info: Redefining '\smartcites'.
))
Package biblatex Info: Trying to load configuration file...
Package biblatex Info: ... file 'biblatex.cfg' found.

(/usr/local/texlive/2025/texmf-dist/tex/latex/biblatex/biblatex.cfg
File: biblatex.cfg 
)
Package biblatex Info: Input encoding 'utf8' detected.
Package biblatex Info: Document encoding is UTF8 ....
Package biblatex Info: ... and expl3
(biblatex)             2026-01-19 L3 programming layer (loader) 
(biblatex)             is new enough (at least 2020/04/06),
(biblatex)             setting 'casechanger=expl3'.

(/usr/local/texlive/2025/texmf-dist/tex/latex/biblatex/blx-case-expl3.sty
Package: blx-case-expl3 2025/07/10 v3.21 expl3 case changing code for biblatex
))
(/usr/local/texlive/2025/texmf-dist/tex/latex/csquotes/csquotes.sty
Package: csquotes 2024-04-04 v5.2o context-sensitive quotations (JAW)
\csq@reset=\count505
\csq@gtype=\count506
\csq@glevel=\count507
\csq@qlevel=\count508
\csq@maxlvl=\count509
\csq@tshold=\count510
\csq@ltx@everypar=\toks52

(/usr/local/texlive/2025/texmf-dist/tex/latex/csquotes/csquotes.def
File: csquotes.def 2024-04-04 v5.2o csquotes generic definitions (JAW)
)
Package csquotes Info: Trying to load configuration file 'csquotes.cfg'...
Package csquotes Info: ... configuration file loaded successfully.

(/usr/local/texlive/2025/texmf-dist/tex/latex/csquotes/csquotes.cfg
File: csquotes.cfg 
))
(/usr/local/texlive/2025/texmf-dist/tex/latex/hyperref/hyperref.sty
Package: hyperref 2025-07-12 v7.01o Hypertext links for LaTeX

(/usr/local/texlive/2025/texmf-dist/tex/generic/kvdefinekeys/kvdefinekeys.sty
Package: kvdefinekeys 2019-12-19 v1.6 Define keys (HO)
)
(/usr/local/texlive/2025/texmf-dist/tex/latex/hycolor/hycolor.sty
Package: hycolor 2020-01-27 v1.10 Color options for hyperref/bookmark (HO)
)
(/usr/local/texlive/2025/texmf-dist/tex/latex/hyperref/nameref.sty
Package: nameref 2025-06-21 v2.57 Cross-referencing by name of section

(/usr/local/texlive/2025/texmf-dist/tex/latex/refcount/refcount.sty
Package: refcount 2019/12/15 v3.6 Data extraction from label references (HO)
)
(/usr/local/texlive/2025/texmf-dist/tex/generic/gettitlestring/gettitlestring.s
ty
Package: gettitlestring 2019/12/15 v1.6 Cleanup title references (HO)
)
\c@section@level=\count511
)
\@linkdim=\dimen330
\Hy@linkcounter=\count512
\Hy@pagecounter=\count513
 (/usr/local/texlive/2025/texmf-dist/tex/latex/hyperref/pd1enc.def
File: pd1enc.def 2025-07-12 v7.01o Hyperref: PDFDocEncoding definition (HO)
Now handling font encoding PD1 ...
... no UTF-8 mapping file for font encoding PD1
)
(/usr/local/texlive/2025/texmf-dist/tex/generic/intcalc/intcalc.sty
Package: intcalc 2019/12/15 v1.3 Expandable calculations with integers (HO)
)
\Hy@SavedSpaceFactor=\count514

(/usr/local/texlive/2025/texmf-dist/tex/latex/hyperref/puenc.def
File: puenc.def 2025-07-12 v7.01o Hyperref: PDF Unicode definition (HO)
Now handling font encoding PU ...
... no UTF-8 mapping file for font encoding PU
)
Package hyperref Info: Option `unicode' set `true' on input line 3160.
Package hyperref Info: Option `unicode' set `true' on input line 4066.
Package hyperref Info: Hyper figures OFF on input line 4195.
Package hyperref Info: Link nesting OFF on input line 4200.
Package hyperref Info: Hyper index ON on input line 4203.
Package hyperref Info: Plain pages OFF on input line 4210.
Package hyperref Info: Backreferencing OFF on input line 4215.
Package hyperref Info: Implicit mode ON; LaTeX internals redefined.
Package hyperref Info: Bookmarks ON on input line 4462.
\c@Hy@tempcnt=\count515
LaTeX Info: Redefining \url on input line 4801.
\XeTeXLinkMargin=\dimen331

(/usr/local/texlive/2025/texmf-dist/tex/generic/bitset/bitset.sty
Package: bitset 2019/12/09 v1.3 Handle bit-vector datatype (HO)

(/usr/local/texlive/2025/texmf-dist/tex/generic/bigintcalc/bigintcalc.sty
Package: bigintcalc 2019/12/15 v1.5 Expandable calculations on big integers (HO
)
))
\Fld@menulength=\count516
\Field@Width=\dimen332
\Fld@charsize=\dimen333
Package hyperref Info: Hyper figures OFF on input line 6078.
Package hyperref Info: Link nesting OFF on input line 6083.
Package hyperref Info: Hyper index ON on input line 6086.
Package hyperref Info: backreferencing OFF on input line 6093.
Package hyperref Info: Link coloring OFF on input line 6098.
Package hyperref Info: Link coloring with OCG OFF on input line 6103.
Package hyperref Info: PDF/A mode OFF on input line 6108.
\Hy@abspage=\count517
\c@Item=\count518
\c@Hfootnote=\count519
)
Package hyperref Info: Driver (autodetected): hpdftex.

(/usr/local/texlive/2025/texmf-dist/tex/latex/hyperref/hpdftex.def
File: hpdftex.def 2025-07-12 v7.01o Hyperref driver for pdfTeX
\Fld@listcount=\count520
\c@bookmark@seq@number=\count521

(/usr/local/texlive/2025/texmf-dist/tex/latex/rerunfilecheck/rerunfilecheck.sty
Package: rerunfilecheck 2025-06-21 v1.11 Rerun checks for auxiliary files (HO)

(/usr/local/texlive/2025/texmf-dist/tex/generic/uniquecounter/uniquecounter.sty
Package: uniquecounter 2019/12/15 v1.4 Provide unlimited unique counter (HO)
)
Package uniquecounter Info: New unique counter `rerunfilecheck' on input line 2
84.
)
\Hy@SectionHShift=\skip81
) (/usr/local/texlive/2025/texmf-dist/tex/latex/xifthen/xifthen.sty
Package: xifthen 2015/11/05 v1.4.0 Extended ifthen features

(/usr/local/texlive/2025/texmf-dist/tex/latex/tools/calc.sty
Package: calc 2025/03/01 v4.3b Infix arithmetic (KKT,FJ)
\calc@Acount=\count522
\calc@Bcount=\count523
\calc@Adimen=\dimen334
\calc@Bdimen=\dimen335
\calc@Askip=\skip82
\calc@Bskip=\skip83
LaTeX Info: Redefining \setlength on input line 86.
LaTeX Info: Redefining \addtolength on input line 87.
\calc@Ccount=\count524
\calc@Cskip=\skip84
)
(/usr/local/texlive/2025/texmf-dist/tex/latex/ifmtarg/ifmtarg.sty
Package: ifmtarg 2018/04/16 v1.2b check for an empty argument
))
(/usr/local/texlive/2025/texmf-dist/tex/latex/bmstu/bmstu-title.sty
(/usr/local/texlive/2025/texmf-dist/tex/generic/ulem/ulem.sty
\UL@box=\box79
\UL@hyphenbox=\box80
\UL@skip=\skip85
\UL@hook=\toks53
\UL@height=\dimen336
\UL@pe=\count525
\UL@pixel=\dimen337
\ULC@box=\box81
Package: ulem 2019/11/18
\ULdepth=\dimen338
)
(/usr/local/texlive/2025/texmf-dist/tex/latex/stackengine/stackengine.sty
Package: stackengine 2021/07/22 v4.11\ Stacking text and objects in convenient 
ways

(/usr/local/texlive/2025/texmf-dist/tex/generic/listofitems/listofitems.sty
(/usr/local/texlive/2025/texmf-dist/tex/generic/listofitems/listofitems.tex
\loi_cnt_foreach_nest=\count526
\loi_nestcnt=\count527
)
Package: listofitems 2024/03/09 v1.65 Grab items in lists using user-specified 
sep char (CT)
)
\c@@stackindex=\count528
\@boxshift=\skip86
\stack@tmplength=\skip87
\temp@stkl=\skip88
\@stackedboxwidth=\skip89
\@addedbox=\box82
\@anchorbox=\box83
\@insetbox=\box84
\se@backgroundbox=\box85
\stackedbox=\box86
\@centerbox=\box87
\c@ROWcellindex@=\count529
)) (/usr/local/texlive/2025/texmf-dist/tex/latex/bmstu/bmstu-essay.sty
(/usr/local/texlive/2025/texmf-dist/tex/latex/lastpage/lastpage.sty
Package: lastpage 2025/08/14 v2.1h lastpage: 2.09 or 2e? (HMM)

(/usr/local/texlive/2025/texmf-dist/tex/latex/lastpage/lastpage2e.sty
Package: lastpage2e 2025/08/14 v2.1h Decide which 2e lastpage version to use (H
MM)

(/usr/local/texlive/2025/texmf-dist/tex/latex/lastpage/lastpagemodern.sty
Package: lastpagemodern 2025-08-14 v2.1h Refers to last page's name (HMM; JPG)
\c@lastpagecount=\count530
) 
))
\c@totfigures=\count531
\c@tottables=\count532
\c@totbibentries=\count533
 (/usr/local/texlive/2025/texmf-dist/tex/latex/totcount/totcount.sty
Package: totcount 2011/01/25 v1.2 package for gettingthe total value of LaTeX c
ounters
)
(/usr/local/texlive/2025/texmf-dist/tex/latex/assoccnt/assoccnt.sty
Package: assoccnt 2015/09/29 v0.8-- Associate counters stepping

assoccnt.sty{} -- version v0.8
(/usr/local/texlive/2025/texmf-dist/tex/latex/xkeyval/xkeyval.sty
Package: xkeyval 2025/11/04 v2.10 package option processing (HA)

(/usr/local/texlive/2025/texmf-dist/tex/generic/xkeyval/xkeyval.tex
(/usr/local/texlive/2025/texmf-dist/tex/generic/xkeyval/xkvutils.tex
\XKV@toks=\toks54
\XKV@tempa@toks=\toks55
\XKV@tempb@toks=\toks56
)
\XKV@depth=\count534
File: xkeyval.tex 2014/12/03 v2.7a key=value parser (HA)
))
\c@@@assoccnt@@internalcounter=\count535
)
\c@appendixchapters=\count536
\c@appendixchapters@totc=\count537
)
(/usr/local/texlive/2025/texmf-dist/tex/latex/bmstu/bmstu-toc.sty)
(/usr/local/texlive/2025/texmf-dist/tex/latex/bmstu/bmstu-defabbr.sty
(/usr/local/texlive/2025/texmf-dist/tex/latex/enumitem/enumitem.sty
Package: enumitem 2025/02/06 v3.11 Customized lists
\labelindent=\skip90
\enit@outerparindent=\dimen339
\enit@toks=\toks57
\enit@inbox=\box88
\enit@count@id=\count538
\enitdp@description=\count539
))
(/usr/local/texlive/2025/texmf-dist/tex/latex/bmstu/bmstu-biblio.sty))
(/usr/local/texlive/2025/texmf-dist/tex/latex/bmstu/bmstu-appendix.sty
(/usr/local/texlive/2025/texmf-dist/tex/latex/appendix/appendix.sty
Package: appendix 2020/02/08 v1.2c extra appendix facilities
\c@@pps=\count540
\c@@ppsavesec=\count541
\c@@ppsaveapp=\count542
))
(/usr/local/texlive/2025/texmf-dist/tex/latex/tools/longtable.sty
Package: longtable 2025-10-13 v4.24 Multi-page Table package (DPC)
\LTleft=\skip91
\LTright=\skip92
\LTpre=\skip93
\LTpost=\skip94
\LTchunksize=\count543
\LTcapwidth=\dimen340
\LT@head=\box89
\LT@firsthead=\box90
\LT@foot=\box91
\LT@lastfoot=\box92
\LT@gbox=\box93
\LT@cols=\count544
\LT@rows=\count545
\c@LT@tables=\count546
\c@LT@chunks=\count547
\LT@p@ftn=\toks58
)
(/usr/local/texlive/2025/texmf-dist/tex/latex/tcolorbox/tcolorbox.sty
Package: tcolorbox 2025/11/28 version 6.9.0 text color boxes

(/usr/local/texlive/2025/texmf-dist/tex/latex/tools/verbatim.sty
Package: verbatim 2024-01-22 v1.5x LaTeX2e package for verbatim enhancements
\every@verbatim=\toks59
\verbatim@line=\toks60
\verbatim@in@stream=\read5
)
(/usr/local/texlive/2025/texmf-dist/tex/latex/environ/environ.sty
Package: environ 2014/05/04 v0.3 A new way to define environments

(/usr/local/texlive/2025/texmf-dist/tex/latex/trimspaces/trimspaces.sty
Package: trimspaces 2009/09/17 v1.1 Trim spaces around a token list
))
\tcb@titlebox=\box94
\tcb@upperbox=\box95
\tcb@lowerbox=\box96
\tcb@phantombox=\box97
\c@tcbbreakpart=\count548
\c@tcblayer=\count549
\c@tcolorbox@number=\count550
\l__tcobox_tmpa_box=\box98
\l__tcobox_tmpa_dim=\dimen341
\tcb@temp=\box99
\tcb@temp=\box100
\tcb@temp=\box101
\tcb@temp=\box102

(/usr/local/texlive/2025/texmf-dist/tex/latex/tcolorbox/tcblistings.code.tex
Library (tcolorbox): 'tcblistings.code.tex' version '6.9.0'

(/usr/local/texlive/2025/texmf-dist/tex/latex/tcolorbox/tcblistingscore.code.te
x
Library (tcolorbox): 'tcblistingscore.code.tex' version '6.9.0'
(/usr/local/texlive/2025/texmf-dist/tex/latex/tcolorbox/tcbprocessing.code.tex
Library (tcolorbox): 'tcbprocessing.code.tex' version '6.9.0'
)
\c@tcblisting=\count551
)))
(/usr/local/texlive/2025/texmf-dist/tex/latex/tcolorbox/tcbbreakable.code.tex
Library (tcolorbox): 'tcbbreakable.code.tex' version '6.9.0'
(/usr/local/texlive/2025/texmf-dist/tex/latex/pdfcol/pdfcol.sty
Package: pdfcol 2022-09-21 v1.7 Handle new color stacks for pdfTeX (HO)
)
Package pdfcol Info: New color stack `tcb@breakable' = 1 on input line 23.
\tcb@testbox=\box103
\tcb@totalupperbox=\box104
\tcb@totallowerbox=\box105
)
(/usr/local/texlive/2025/texmf-dist/tex/latex/tcolorbox/tcbminted.code.tex
Library (tcolorbox): 'tcbminted.code.tex' version '6.9.0'
(/usr/local/texlive/2025/texmf-dist/tex/latex/minted/minted.sty
Package: minted 2025/05/14 v3.7.0 Yet another Pygments shim for LaTeX

(/usr/local/texlive/2025/texmf-dist/tex/generic/catchfile/catchfile.sty
Package: catchfile 2019/12/09 v1.8 Catch the contents of a file (HO)

(/usr/local/texlive/2025/texmf-dist/tex/generic/etexcmds/etexcmds.sty
Package: etexcmds 2019/12/15 v1.7 Avoid name clashes with e-TeX commands (HO)
))
(/usr/local/texlive/2025/texmf-dist/tex/latex/fvextra/fvextra.sty
Package: fvextra 2025/05/29 v1.13.2 fvextra - extensions and patches for fancyv
rb

(/usr/local/texlive/2025/texmf-dist/tex/latex/fancyvrb/fancyvrb.sty
Package: fancyvrb 2025/07/28 4.6 verbatim text (tvz,hv)
\FV@CodeLineNo=\count552
\FV@InFile=\read6
\FV@TabBox=\box106
\c@FancyVerbLine=\count553
\FV@StepNumber=\count554
\FV@OutFile=\write5
)
(/usr/local/texlive/2025/texmf-dist/tex/latex/upquote/upquote.sty
Package: upquote 2012/04/19 v1.3 upright-quote and grave-accent glyphs in verba
tim

(/usr/local/texlive/2025/texmf-dist/tex/latex/base/textcomp.sty
Package: textcomp 2024/04/24 v2.1b Standard LaTeX package
))
(/usr/local/texlive/2025/texmf-dist/tex/latex/lineno/lineno.sty
Package: lineno 2025/05/13 line numbers on paragraphs v5.5
\linenopenalty=\count555
\output=\toks61
\linenoprevgraf=\count556
\linenumbersep=\dimen342
\linenumberwidth=\dimen343
\c@linenumber=\count557
\c@pagewiselinenumber=\count558
\c@LN@truepage=\count559
\c@internallinenumber=\count560
\c@internallinenumbers=\count561
\quotelinenumbersep=\dimen344
\bframerule=\dimen345
\bframesep=\dimen346
\bframebox=\box107
\@LN@amsmath@ams@eqpen=\count562


LaTeX Warning: Command \@parboxrestore  has changed.
               Check if current package is valid.

)

Package fvextra Warning: csquotes should be loaded after fvextra, to avoid a wa
rning from the lineno package on input line 37.

\c@FancyVerbWriteLine=\count563
\c@FancyVerbBufferLine=\count564
\c@FV@TrueTabGroupLevel=\count565
\c@FV@TrueTabCounter=\count566
\FV@TabBox@Group=\box108
\FV@bgcolorstructbox=\box109
\FV@TmpLength=\skip95
\c@FV@HighlightLinesStart=\count567
\c@FV@HighlightLinesStop=\count568
\FV@LoopCount=\count569
\FV@NCharsBox=\box110
\FV@BreakIndent=\dimen347
\FV@BreakIndentNChars=\count570
\FV@BreakSymbolSepLeft=\dimen348
\FV@BreakSymbolSepLeftNChars=\count571
\FV@BreakSymbolSepRight=\dimen349
\FV@BreakSymbolSepRightNChars=\count572
\FV@BreakSymbolIndentLeft=\dimen350
\FV@BreakSymbolIndentLeftNChars=\count573
\FV@BreakSymbolIndentRight=\dimen351
\FV@BreakSymbolIndentRightNChars=\count574
\c@FancyVerbLineBreakLast=\count575
\FV@LineBox=\box111
\FV@LineIndentBox=\box112
\c@FV@BreakBufferDepth=\count576
\FV@LineWidth=\dimen352
) (/usr/local/texlive/2025/texmf-dist/tex/latex/latex2pydata/latex2pydata.sty
Package: latex2pydata 2025/03/26 v0.6.0 latex2pydata - write data to file in Py
thon literal format
)
(/usr/local/texlive/2025/texmf-dist/tex/latex/pgfopts/pgfopts.sty
Package: pgfopts 2014/07/10 v2.1a LaTeX package options with pgfkeys
\pgfopts@list@add@a@toks=\toks62
\pgfopts@list@add@b@toks=\toks63
)
(/usr/local/texlive/2025/texmf-dist/tex/latex/tools/shellesc.sty
Package: shellesc 2023/07/08 v1.0d unified shell escape interface for LaTeX
Package shellesc Info: Unrestricted shell escape enabled on input line 75.
)
\c@minted@FancyVerbLineTemp=\count577
\@float@every@listing=\toks64
\c@listing=\count578
))
(/usr/local/texlive/2025/texmf-dist/tex/latex/tcolorbox/tcbskins.code.tex
Library (tcolorbox): 'tcbskins.code.tex' version '6.9.0'
(/usr/local/texlive/2025/texmf-dist/tex/latex/tikzfill/tikzfill.image.sty
Package: tikzfill.image 2023/08/08 v1.0.1 Image filling library for TikZ

(/usr/local/texlive/2025/texmf-dist/tex/latex/tikzfill/tikzfill-common.sty
Package: tikzfill-common 2023/08/08 v1.0.1 Auxiliary code for tikzfill
)
(/usr/local/texlive/2025/texmf-dist/tex/latex/tikzfill/tikzlibraryfill.image.co
de.tex
File: tikzlibraryfill.image.code.tex 2023/08/08 v1.0.1 Image filling library
\l__tikzfill_img_box=\box113
))
(/usr/local/texlive/2025/texmf-dist/tex/latex/tcolorbox/tcbskinsjigsaw.code.tex
Library (tcolorbox): 'tcbskinsjigsaw.code.tex' version '6.9.0'
))
\c@tcb@cnt@sourcelisting=\count579
\tikzscale@accuracy=\skip96
Package csquotes Info: Checking for multilingual support...
Package csquotes Info: ... found 'babel' package.
Package csquotes Info: Adjusting default style.
Package csquotes Info: Redefining alias 'default' -> 'russian'.
 (./report.aux
Package babel Info: 'russian' activates 'russian' shorthands.
(babel)             Reported on input line 9.
 (./00-essay.aux) (./02-abbreviations.aux)
(./03-introduction.aux) (./04-analysis.aux) (./05-design.aux)
(./06-implementation.aux) (./07-research.aux) (./08-conclusion.aux)
(./09-appendix.aux))
\openout1 = `report.aux'.

LaTeX Font Info:    Checking defaults for OML/cmm/m/it on input line 54.
LaTeX Font Info:    ... okay on input line 54.
LaTeX Font Info:    Checking defaults for OMS/cmsy/m/n on input line 54.
LaTeX Font Info:    ... okay on input line 54.
LaTeX Font Info:    Checking defaults for OT1/cmr/m/n on input line 54.
LaTeX Font Info:    ... okay on input line 54.
LaTeX Font Info:    Checking defaults for T1/cmr/m/n on input line 54.
LaTeX Font Info:    ... okay on input line 54.
LaTeX Font Info:    Checking defaults for TS1/cmr/m/n on input line 54.
LaTeX Font Info:    ... okay on input line 54.
LaTeX Font Info:    Checking defaults for OMX/cmex/m/n on input line 54.
LaTeX Font Info:    ... okay on input line 54.
LaTeX Font Info:    Checking defaults for U/cmr/m/n on input line 54.
LaTeX Font Info:    ... okay on input line 54.
LaTeX Font Info:    Checking defaults for T2A/cmr/m/n on input line 54.
LaTeX Font Info:    ... okay on input line 54.
LaTeX Font Info:    Checking defaults for PD1/pdf/m/n on input line 54.
LaTeX Font Info:    ... okay on input line 54.
LaTeX Font Info:    Checking defaults for PU/pdf/m/n on input line 54.
LaTeX Font Info:    ... okay on input line 54.
LaTeX Info: Redefining \th on input line 54.

*geometry* driver: auto-detecting
*geometry* detected driver: pdftex
*geometry* verbose mode - [ preamble ] result:
* driver: pdftex
* paper: <default>
* layout: <same size as paper>
* layoutoffset:(h,v)=(0.0pt,0.0pt)
* modes: 
* h-part:(L,W,R)=(85.35826pt, 483.69687pt, 28.45274pt)
* v-part:(T,H,B)=(56.9055pt, 731.23584pt, 56.9055pt)
* \paperwidth=597.50787pt
* \paperheight=845.04684pt
* \textwidth=483.69687pt
* \textheight=731.23584pt
* \oddsidemargin=13.08827pt
* \evensidemargin=13.08827pt
* \topmargin=-54.36449pt
* \headheight=14.0pt
* \headsep=25.0pt
* \topskip=14.0pt
* \footskip=30.0pt
* \marginparwidth=15.0pt
* \marginparsep=10.0pt
* \columnsep=10.0pt
* \skip\footins=12.0pt plus 4.0pt minus 2.0pt
* \hoffset=0.0pt
* \voffset=0.0pt
* \mag=1000
* \@twocolumnfalse
* \@twosidefalse
* \@mparswitchfalse
* \@reversemarginfalse
* (1in=72.27pt=25.4mm, 1cm=28.453pt)

LaTeX Info: Redefining \microtypecontext on input line 54.
Package microtype Info: Applying patch `item' on input line 54.
Package microtype Info: Applying patch `toc' on input line 54.
Package microtype Info: Applying patch `eqnum' on input line 54.
Package microtype Info: Applying patch `footnote' on input line 54.
Package microtype Info: Applying patch `verbatim' on input line 54.
LaTeX Info: Redefining \microtypesetup on input line 54.
Package microtype Info: Generating PDF output.
Package microtype Info: Character protrusion enabled (level 2).
Package microtype Info: Using default protrusion set `alltext'.
Package microtype Info: Automatic font expansion enabled (level 2),
(microtype)             stretch: 20, shrink: 20, step: 1, non-selected.
Package microtype Info: Using default expansion set `alltext-nott'.
Package microtype Info: Patching command `\showhyphens'.
Package microtype Info: No adjustment of tracking.
Package microtype Info: No adjustment of interword spacing.
Package microtype Info: No adjustment of character kerning.
(/usr/local/texlive/2025/texmf-dist/tex/latex/microtype/mt-cmr.cfg
File: mt-cmr.cfg 2013/05/19 v2.2 microtype config. file: Computer Modern Roman 
(RS)
)
(/usr/local/texlive/2025/texmf-dist/tex/context/base/mkii/supp-pdf.mkii
[Loading MPS to PDF converter (version 2006.09.02).]
\scratchcounter=\count580
\scratchdimen=\dimen353
\scratchbox=\box114
\nofMPsegments=\count581
\nofMParguments=\count582
\everyMPshowfont=\toks65
\MPscratchCnt=\count583
\MPscratchDim=\dimen354
\MPnumerator=\count584
\makeMPintoPDFobject=\count585
\everyMPtoPDFconversion=\toks66
) (/usr/local/texlive/2025/texmf-dist/tex/latex/epstopdf-pkg/epstopdf-base.sty
Package: epstopdf-base 2020-01-24 v2.11 Base part for package epstopdf
Package epstopdf-base Info: Redefining graphics rule for `.eps' on input line 4
85.

(/usr/local/texlive/2025/texmf-dist/tex/latex/latexconfig/epstopdf-sys.cfg
File: epstopdf-sys.cfg 2010/07/13 v1.3 Configuration of (r)epstopdf for TeX Liv
e
))
Package pgfplots notification 'compat/show suggested version=true': document ha
s been generated with the most recent feature set (\pgfplotsset{compat=1.18}).

\c@lstlisting=\count586
Package caption Info: Begin \AtBeginDocument code.
Package caption Info: hyperref package is loaded.
Package caption Info: longtable package is loaded.
(/usr/local/texlive/2025/texmf-dist/tex/latex/caption/ltcaption.sty
Package: ltcaption 2021/01/08 v1.4c longtable captions (AR)
)
Package caption Info: End \AtBeginDocument code.
Package newfloat Info: `float' package detected.
Package biblatex Info: Trying to load language 'russian' -> 'russian-gost'...
Package biblatex Info: ... file 'russian-gost.lbx' found.

(/usr/local/texlive/2025/texmf-dist/tex/latex/biblatex-gost/russian-gost.lbx
File: russian-gost.lbx 2023/04/25 v1.24 biblatex-gost styles
Package biblatex Info: Trying to load language 'russian'...
Package biblatex Info: ... file 'russian.lbx' found.

(/usr/local/texlive/2025/texmf-dist/tex/latex/biblatex/lbx/russian.lbx
File: russian.lbx 2025/07/10 v3.21 biblatex localization (PK/MW)
)
Package biblatex Info: Trying to load language 'russian'...
Package biblatex Info: ... file 'russian.lbx' found.

(/usr/local/texlive/2025/texmf-dist/tex/latex/biblatex/lbx/russian.lbx
File: russian.lbx 2025/07/10 v3.21 biblatex localization (PK/MW)
))
Package biblatex Info: Trying to load language 'english' -> 'english-gost'...
Package biblatex Info: ... file 'english-gost.lbx' found.

(/usr/local/texlive/2025/texmf-dist/tex/latex/biblatex-gost/english-gost.lbx
File: english-gost.lbx 2023/04/25 v1.24 biblatex-gost styles
Package biblatex Info: Trying to load language 'english'...
Package biblatex Info: ... file 'english.lbx' found.

(/usr/local/texlive/2025/texmf-dist/tex/latex/biblatex/lbx/english.lbx
File: english.lbx 2025/07/10 v3.21 biblatex localization (PK/MW)
)
Package biblatex Info: Trying to load language 'english'...
Package biblatex Info: ... file 'english.lbx' found.

(/usr/local/texlive/2025/texmf-dist/tex/latex/biblatex/lbx/english.lbx
File: english.lbx 2025/07/10 v3.21 biblatex localization (PK/MW)
))
Package biblatex Info: Input encoding 'utf8' detected.
Package biblatex Info: Automatic encoding selection.
(biblatex)             Assuming data encoding 'utf8'.
\openout4 = `report.bcf'.

Package biblatex Info: Trying to load bibliographic data...
Package biblatex Info: ... file 'report.bbl' found.

(./report.bbl)
Package biblatex Info: Reference section=0 on input line 54.
Package biblatex Info: Reference segment=0 on input line 54.
Package hyperref Info: Link coloring OFF on input line 54.
 (./report.out) (./report.out)
\@outlinefile=\write6
\openout6 = `report.out'.

<bmstu-logo.pdf, id=312, 500.95255pt x 591.38255pt>
File: bmstu-logo.pdf Graphic file (type pdf)
<use bmstu-logo.pdf>
Package pdftex.def Info: bmstu-logo.pdf  used on input line 62.
(pdftex.def)             Requested size: 60.26831pt x 71.14331pt.


LaTeX Font Warning: Font shape `T2A/cmr/m/n' in size <22> not available
(Font)              size <20.74> substituted on input line 62.


LaTeX Font Warning: Font shape `T2A/cmr/bx/n' in size <22> not available
(Font)              size <20.74> substituted on input line 62.


LaTeX Font Warning: Font shape `T2A/cmr/m/n' in size <20> not available
(Font)              size <20.74> substituted on input line 62.


LaTeX Font Warning: Font shape `T2A/cmr/m/it' in size <20> not available
(Font)              size <20.74> substituted on input line 62.

(/usr/local/texlive/2025/texmf-dist/tex/latex/amsfonts/umsa.fd)
(/usr/local/texlive/2025/texmf-dist/tex/latex/microtype/mt-msa.cfg)
(/usr/local/texlive/2025/texmf-dist/tex/latex/amsfonts/umsb.fd)
(/usr/local/texlive/2025/texmf-dist/tex/latex/microtype/mt-msb.cfg)
Underfull \hbox (badness 10000) in paragraph at lines 62--62
[]|$[]$
 []


Underfull \hbox (badness 10000) in paragraph at lines 62--62
[]|$[]$
 []


Underfull \hbox (badness 10000) in alignment at lines 62--62
[][][] 
 []

[1

{/usr/local/texlive/2025/texmf-var/fonts/map/pdftex/updmap/pdftex.map}{/usr/loc
al/texlive/2025/texmf-dist/fonts/enc/dvips/cm-super/cm-super-t2a.enc} </usr/loc
al/texlive/2025/texmf-dist/tex/latex/bmstu/bmstu-logo.pdf>]
\openout2 = `00-essay.aux'.

 (./00-essay.tex

LaTeX Font Warning: Font shape `T2A/cmr/m/n' in size <16> not available
(Font)              size <17.28> substituted on input line 1.


LaTeX Font Warning: Font shape `T2A/cmr/bx/n' in size <16> not available
(Font)              size <17.28> substituted on input line 1.

) [5


] (./report.toc [6



] [7])
\tf@toc=\write7
\openout7 = `report.toc'.

 [8]
\openout2 = `02-abbreviations.aux'.

 (./02-abbreviations.tex)
\openout2 = `03-introduction.aux'.


(./03-introduction.tex [9





]) [10]
\openout2 = `04-analysis.aux'.

 (./04-analysis.tex
{\cyrillictext \CYRG \cyrl \cyra \cyrv \cyra } 1.
[11




{/usr/local/texlive/2025/texmf-dist/fonts/enc/dvips/cm-super/cm-super-t1.enc}] 
[12] [13] [14] [15] [16] [17] [18]
<inc/img/idef0.png, id=489, 1884.03876pt x 773.89125pt>
File: inc/img/idef0.png Graphic file (type png)
<use inc/img/idef0.png>
Package pdftex.def Info: inc/img/idef0.png  used on input line 205.
(pdftex.def)             Requested size: 483.69687pt x 198.67993pt.
 [19 <./inc/img/idef0.png>] [20] [21]
[22] [23] [24] [25] [26] [27] [28] [29] [30] [31] [32]) [33]
\openout2 = `05-design.aux'.

 (./05-design.tex
{\cyrillictext \CYRG \cyrl \cyra \cyrv \cyra } 2.
[34




]
<inc/img/idef1.png, id=586, 2454.16875pt x 833.1125pt>
File: inc/img/idef1.png Graphic file (type png)
<use inc/img/idef1.png>
Package pdftex.def Info: inc/img/idef1.png  used on input line 51.
(pdftex.def)             Requested size: 483.69687pt x 164.1915pt.
 [35] [36 <./inc/img/idef1.png>]
LaTeX Font Info:    Trying to load font information for T2A+cmtt on input line 
115.

(/usr/local/texlive/2025/texmf-dist/tex/latex/cyrillic/t2acmtt.fd
File: t2acmtt.fd 2001/08/11 v1.0a Computer Modern Cyrillic font definitions
)
Package microtype Info: Loading generic protrusion settings for font family
(microtype)             `cmtt' (encoding: T2A).
(microtype)             For optimal results, create family-specific settings.
(microtype)             See the microtype manual for details.
 [37]
[38] [39]
<inc/img/diagram_sync.png, id=623, 2138.99126pt x 1064.97874pt>
File: inc/img/diagram_sync.png Graphic file (type png)
<use inc/img/diagram_sync.png>
Package pdftex.def Info: inc/img/diagram_sync.png  used on input line 189.
(pdftex.def)             Requested size: 483.69687pt x 240.82864pt.

Underfull \hbox (badness 10000) in paragraph at lines 204--204
[]|\T2A/cmr/m/n/14.4 (+20) Следующее
 []


Underfull \hbox (badness 10000) in paragraph at lines 207--207
[]|\T2A/cmr/m/n/14.4 (+20) Следующее
 []


Underfull \hbox (badness 10000) in paragraph at lines 209--209
[]|\T2A/cmr/m/n/14.4 (+20) Регистрация
 []


Underfull \hbox (badness 10000) in paragraph at lines 209--209
[]|\T2A/cmr/m/n/14.4 (+20) Отправлен
 []


Underfull \hbox (badness 10000) in paragraph at lines 209--209
[]|\T2A/cmr/m/n/14.4 (+20) Клиент име-ет
 []


Underfull \hbox (badness 7832) in paragraph at lines 210--210
[]|\T2A/cmr/m/n/14.4 (+20) Ожидание со-
 []


Underfull \hbox (badness 10000) in paragraph at lines 210--210
[]|\T2A/cmr/m/n/14.4 (+20) Сформирован
 []


Overfull \hbox (4.95035pt too wide) in paragraph at lines 210--210
[]|\T2A/cmr/m/n/14.4 (-20) Формирование
 []


Underfull \hbox (badness 10000) in paragraph at lines 210--210
\T2A/cmr/m/n/14.4 (+20) ис-хо-дя-ще-го
 []


Underfull \hbox (badness 10000) in paragraph at lines 211--211
[]|\T2A/cmr/m/n/14.4 (+20) Формирование
 []


Underfull \hbox (badness 10000) in paragraph at lines 211--211
\T2A/cmr/m/n/14.4 (+20) ис-хо-дя-ще-го
 []


Underfull \hbox (badness 10000) in paragraph at lines 211--211
[]|\T2A/cmr/m/n/14.4 (+20) Ожидание
 []


Underfull \hbox (badness 10000) in paragraph at lines 211--211
\T2A/cmr/m/n/14.4 (+20) под-твер-жде-
 []


Underfull \hbox (badness 10000) in paragraph at lines 212--212
[]|\T2A/cmr/m/n/14.4 (+20) Получен
 []


Underfull \hbox (badness 10000) in paragraph at lines 212--212
[]|\T2A/cmr/m/n/14.4 (+20) Идентификатор
 []


Underfull \hbox (badness 2726) in paragraph at lines 214--214
[]|\T2A/cmr/m/n/14.4 (+20) Повторная от-
 []


Underfull \hbox (badness 10000) in paragraph at lines 214--214
[]|\T2A/cmr/m/n/14.4 (+20) Идентификатор
 []


Underfull \hbox (badness 10000) in paragraph at lines 214--214
\T2A/cmr/m/n/14.4 (+20) и но-мер не
 []


Underfull \hbox (badness 10000) in paragraph at lines 214--214
[]|\T2A/cmr/m/n/14.4 (+20) Ожидание
 []


Underfull \hbox (badness 10000) in paragraph at lines 214--214
\T2A/cmr/m/n/14.4 (+20) под-твер-жде-
 []


Underfull \hbox (badness 7832) in paragraph at lines 215--215
[]|\T2A/cmr/m/n/14.4 (+20) Ожидание со-
 []


Underfull \hbox (badness 10000) in paragraph at lines 215--215
[]|\T2A/cmr/m/n/14.4 (+20) Получен
 []


Underfull \hbox (badness 2753) in paragraph at lines 215--215
[]|\T2A/cmr/m/n/14.4 (+20) Номер со-бы-тия
 []


Underfull \hbox (badness 1466) in paragraph at lines 215--215
\T2A/cmr/m/n/14.4 (+20) бы-тия сер-ве-
 []


Underfull \hbox (badness 5345) in paragraph at lines 216--216
[]|\T2A/cmr/m/n/14.4 (+20) Обработка со-
 []


Underfull \hbox (badness 10000) in paragraph at lines 216--216
[]|\T2A/cmr/m/n/14.4 (+20) Переход до-пу-
 []


Underfull \hbox (badness 10000) in paragraph at lines 216--216
[]|\T2A/cmr/m/n/14.4 (+20) Рассылка
 []


Underfull \hbox (badness 10000) in paragraph at lines 216--216
\T2A/cmr/m/n/14.4 (+20) под-твер-
 []


Underfull \hbox (badness 10000) in paragraph at lines 216--216
\T2A/cmr/m/n/14.4 (+20) жден-но-го
 []


Underfull \hbox (badness 5345) in paragraph at lines 217--217
[]|\T2A/cmr/m/n/14.4 (+20) Обработка со-
 []


Underfull \hbox (badness 1902) in paragraph at lines 217--217
[]|\T2A/cmr/m/n/14.4 (+20) Событие яв-ля-ет-ся
 []


Underfull \hbox (badness 10000) in paragraph at lines 217--217
[]|\T2A/cmr/m/n/14.4 (+20) Ключ со-бы-тия
 []


Underfull \hbox (badness 10000) in paragraph at lines 217--217
[]|\T2A/cmr/m/n/14.4 (+20) Отклонение
 []


Underfull \hbox (badness 5345) in paragraph at lines 218--218
[]|\T2A/cmr/m/n/14.4 (+20) Обработка со-
 []


Underfull \hbox (badness 10000) in paragraph at lines 218--218
[]|\T2A/cmr/m/n/14.4 (+20) Номер боль-ше
 []


Underfull \hbox (badness 10000) in paragraph at lines 218--218
[]|\T2A/cmr/m/n/14.4 (+20) Отклонение
 []


Underfull \hbox (badness 2689) in paragraph at lines 220--220
[]|\T2A/cmr/m/n/14.4 (+20) Рассылка под-
 []


Underfull \hbox (badness 10000) in paragraph at lines 220--220
\T2A/cmr/m/n/14.4 (+20) твер-жден-но-го
 []


Underfull \hbox (badness 7832) in paragraph at lines 221--221
[]|\T2A/cmr/m/n/14.4 (+20) Ожидание со-
 []


Underfull \hbox (badness 10000) in paragraph at lines 221--221
\T2A/cmr/m/n/14.4 (+20) жден-ное со-бы-тие
 []


Underfull \hbox (badness 10000) in paragraph at lines 221--221
[]|\T2A/cmr/m/n/14.4 (+20) Применение
 []


Underfull \hbox (badness 10000) in paragraph at lines 221--221
\T2A/cmr/m/n/14.4 (+20) со-бы-тия
 []


Underfull \hbox (badness 10000) in paragraph at lines 222--222
[]|\T2A/cmr/m/n/14.4 (+20) Применение
 []


Underfull \hbox (badness 10000) in paragraph at lines 222--222
[]|\T2A/cmr/m/n/14.4 (+20) Переход до-пу-
 []

ignored error: Infinite glue shrinkage found in box being split [40 <./inc/img/
diagram_sync.png>]
ignored error: Infinite glue shrinkage found in box being split [41] [42]
Underfull \hbox (badness 10000) in paragraph at lines 255--255
[]|\T2A/cmr/m/n/14.4 (+20) Номер со-бы-тия в по-то-ке игрока-
 []


Underfull \hbox (badness 4328) in paragraph at lines 273--273
[]|\T2A/cmr/m/n/14.4 (+20) Тип се-те-во-го со-об-ще-ния: \T2A/cmtt/m/n/14.4 Cli
entHello\T2A/cmr/m/n/14.4 (+20) ,
 []

[43] [44]
<inc/img/outcomming_event.png, id=655, 773.89125pt x 1648.1575pt>
File: inc/img/outcomming_event.png Graphic file (type png)
<use inc/img/outcomming_event.png>
Package pdftex.def Info: inc/img/outcomming_event.png  used on input line 317.
(pdftex.def)             Requested size: 281.55278pt x 599.61874pt.
 [45]
<inc/img/server_event.png, id=662, 1334.9875pt x 2302.6025pt>
File: inc/img/server_event.png Graphic file (type png)
<use inc/img/server_event.png>
Package pdftex.def Info: inc/img/server_event.png  used on input line 324.
(pdftex.def)             Requested size: 347.63857pt x 599.61874pt.
 [46 <./inc/img/outcomming_event.png>]
<inc/img/recycle_event.png, id=669, 786.94pt x 1055.945pt>
File: inc/img/recycle_event.png Graphic file (type png)
<use inc/img/recycle_event.png>
Package pdftex.def Info: inc/img/recycle_event.png  used on input line 331.
(pdftex.def)             Requested size: 392.36432pt x 526.49069pt.
 [47 <./inc/img/server_event.png>]
Underfull \hbox (badness 1540) in paragraph at lines 340--341
[]\T2A/cmr/m/n/14.4 (+20) модуль се-те-во-го об-ме-на, вы-пол-ня-ю-щий от-прав-
ку и при-ем UDP-
 []

[48 <./inc/img/recycle_event.png>]) [49]
\openout2 = `06-implementation.aux'.

 (./06-implementation.tex
{\cyrillictext \CYRG \cyrl \cyra \cyrv \cyra } 3.
[50




]
<inc/img/class_diagram.png, id=698, 1748.5325pt x 1170.3725pt>
File: inc/img/class_diagram.png Graphic file (type png)
<use inc/img/class_diagram.png>
Package pdftex.def Info: inc/img/class_diagram.png  used on input line 53.
(pdftex.def)             Requested size: 483.69687pt x 323.75536pt.
 [51] [52 <./inc/img/class_diagram.png>]
\pydata@fh@0=\write8
\openout8 = `_E98D2F001DA5678B39482EFBDF5770DC.data.minted'.

runsystem(latexminted config  --timestamp 20260524155916Z E98D2F001DA5678B39482
EFBDF5770DC)...executed.


(./_E98D2F001DA5678B39482EFBDF5770DC.config.minted)
runsystem(latexminted cleanconfig  --timestamp 20260524155916Z E98D2F001DA5678B
39482EFBDF5770DC)...executed.


(./_minted/default.style.minted)
(./_minted/6137E2C808A8439562214086D3A56C47.highlight.minted
LaTeX Font Info:    Font shape `T2A/cmtt/bx/n' in size <12> not available
(Font)              Font shape `T2A/cmtt/m/n' tried instead on input line 141.
) [53] [54]
(./_minted/6137E2C808A8439562214086D3A56C47.highlight.minted) [55] [56]
[57] (./_minted/71485E6938273E043CE88C97C71177B7.highlight.minted) [58]
(./_minted/17AE3CAA607B16E8AAC42A919FE1C264.highlight.minted) [59] [60]
Underfull \hbox (badness 4341) in paragraph at lines 137--139
[]\T2A/cmr/m/n/14.4 (+20) Для за-щи-ты от по-втор-ной об-ра-бот-ки ис-поль-зу-е
т-ся мно-же-ство
 []


Underfull \hbox (badness 10000) in paragraph at lines 143--145
[]\T2A/cmr/m/n/14.4 (+20) Для кон-тро-ля по-ряд-ка со-об-ще-ний ис-поль-зу-ет-с
я сло-варь
 []


Underfull \hbox (badness 1648) in paragraph at lines 143--145
\T2A/cmtt/m/n/14.4 expectedSequenceByPlayer\T2A/cmr/m/n/14.4 (+20) . Для каж-до
-го иг-ро-ка хра-нит-ся но-мер сле-
 []

(./_minted/E76064C28C60C3470345764E4CE75D10.highlight.minted) [61] [62]
(./_minted/E76064C28C60C3470345764E4CE75D10.highlight.minted) [63] [64]
[65] (./_minted/E76064C28C60C3470345764E4CE75D10.highlight.minted) [66]
Underfull \hbox (badness 2409) in paragraph at lines 172--173
[]\T2A/cmr/m/n/14.4 (+20) При за-пус-ке объ-ект ре-ги-стри-ру-ет-ся в \T2A/cmtt
/m/n/14.4 EventFsmSyncManager \T2A/cmr/m/n/14.4 (+20) вы-
 []


Underfull \hbox (badness 2644) in paragraph at lines 172--173
\T2A/cmr/m/n/14.4 (+20) зо-вом ме-то-да \T2A/cmtt/m/n/14.4 RegisterObject\T2A/c
mr/m/n/14.4 (+20) . Ме-не-джер со-хра-ня-ет объ-ект в сло-ва-
 []

[67]
Underfull \hbox (badness 3168) in paragraph at lines 174--178
[]\T2A/cmr/m/n/14.4 (+20) В раз-ра-бо-тан-ном про-грамм-ном обес-пе-че-нии клас
-сы \T2A/cmtt/m/n/14.4 PuzzleDoor\T2A/cmr/m/n/14.4 (+20) ,
 []

(./_minted/C7F9EB7D4E4E0F7F0BEA97163267CCAB.highlight.minted)
(./_minted/082960AFE03F5D5B9BFABDCC5461E4F3.highlight.minted) [68] [69]
[70] (./_minted/022FFE5B9285E71E8DB83E97DF062D33.highlight.minted) [71]
[72]
Underfull \hbox (badness 2573) in paragraph at lines 226--226
\T2A/cmr/m/n/14.4 (+20) ет с ин-тер-ак-тив-ным
 []


Underfull \hbox (badness 10000) in paragraph at lines 226--226
[]|\T2A/cmr/m/n/14.4 (+20) Создается со-бы-тие,
 []


Underfull \hbox (badness 2326) in paragraph at lines 227--227
\T2A/cmr/m/n/14.4 (+20) тов за-да-ет-ся ве-ро-ят-
 []


Underfull \hbox (badness 1762) in paragraph at lines 227--227
[]|\T2A/cmr/m/n/14.4 (+20) При от-сут-ствии под-
 []


Underfull \hbox (badness 10000) in paragraph at lines 227--227
\T2A/cmr/m/n/14.4 (+20) твер-жде-ния со-бы-тие
 []


Underfull \hbox (badness 1874) in paragraph at lines 228--228
[]|\T2A/cmr/m/n/14.4 (+20) Фильтрация дуб-
 []


Underfull \hbox (badness 10000) in paragraph at lines 228--228
[]|\T2A/cmr/m/n/14.4 (+20) Включается ве-ро-ят-
 []


Underfull \hbox (badness 10000) in paragraph at lines 228--228
\T2A/cmr/m/n/14.4 (+20) ность дуб-ли-ро-ва-ния
 []


Underfull \hbox (badness 10000) in paragraph at lines 230--230
[]|\T2A/cmr/m/n/14.4 (+20) Метод
 []


Underfull \hbox (badness 10000) in paragraph at lines 230--230
\T2A/cmtt/m/n/14.4 ApplyPuzzleEvent
 []


Underfull \hbox (badness 10000) in paragraph at lines 230--230
\T2A/cmr/m/n/14.4 (+20) воз-вра-ща-ет от-ри-ца-
 []


Underfull \hbox (badness 10000) in paragraph at lines 230--230
\T2A/cmr/m/n/14.4 (+20) тель-ный ре-зуль-тат,
 []


Underfull \hbox (badness 10000) in paragraph at lines 231--231
[]|\T2A/cmr/m/n/14.4 (+20) Синхронизация
 []


Underfull \hbox (badness 10000) in paragraph at lines 231--231
[]|\T2A/cmr/m/n/14.4 (+20) На обе-их сто-ро-нах
 []


Underfull \hbox (badness 10000) in paragraph at lines 231--231
\T2A/cmr/m/n/14.4 (+20) фик-си-ру-ет-ся оди-
 []


Underfull \hbox (badness 10000) in paragraph at lines 231--231
\T2A/cmr/m/n/14.4 (+20) на-ко-вое ло-ги-че-ское
 []

[73] [74]) [75]
\openout2 = `07-research.aux'.

 (./07-research.tex
{\cyrillictext \CYRG \cyrl \cyra \cyrv \cyra } 4.

Underfull \hbox (badness 10000) in paragraph at lines 33--33
[]|\T2A/cmr/m/n/12 (+20) Базовая со-бы-тий-ная
 []


Underfull \hbox (badness 1062) in paragraph at lines 35--35
[]|\T2A/cmr/m/n/12 (+20) Однократная от-прав-ка
 []


Underfull \hbox (badness 10000) in paragraph at lines 35--35
[]|\T2A/cmr/m/n/12 (+20) Отправка со-бы-тия с
 []


Underfull \hbox (badness 10000) in paragraph at lines 36--36
[]|\T2A/cmr/m/n/12 (+20) Подтверждение
 []


Underfull \hbox (badness 10000) in paragraph at lines 37--37
[]|\T2A/cmr/m/n/12 (+20) Повторная от-
 []


Underfull \hbox (badness 1142) in paragraph at lines 38--38
[]|\T2A/cmr/m/n/12 (+20) Фильтрация дуб-
 []


Underfull \hbox (badness 10000) in paragraph at lines 38--38
[]|\T2A/cmr/m/n/12 (+20) Не вы-пол-ня-ет-ся на
 []


Underfull \hbox (badness 10000) in paragraph at lines 39--39
[]|\T2A/cmr/m/n/12 (+20) Выполняется по
 []


Underfull \hbox (badness 2409) in paragraph at lines 40--40
\T2A/cmr/m/n/12 (+20) кой по-ряд-ка, под-твер-
 []

[76




] [77] [78]
Underfull \hbox (badness 10000) in paragraph at lines 92--93
[]\T2A/cmr/m/n/14.4 (+20) Автоматизация ис-пы-та-ний вы-пол-ня-ет-ся ком-по-нен
-том
 []


Underfull \hbox (badness 4366) in paragraph at lines 92--93
\T2A/cmtt/m/n/14.4 AutomatedResearchTest\T2A/cmr/m/n/14.4 (+20) . Ком-по-нент с
о-зда-ет 100 со-бы-тий с ин-тер-ва-
 []


Underfull \hbox (badness 10000) in paragraph at lines 117--117
[]|\T2A/cmr/m/n/14.4 (+20) Умеренная за-
 []

[79]
Underfull \hbox (badness 10000) in paragraph at lines 129--130
[]\T2A/cmr/m/n/14.4 (+20) В таб-ли-це []4.3[] при-ве-де-ны ре-зуль-та-ты за-пус
-ков для ре-жи-ма
 []


Underfull \hbox (badness 10000) in paragraph at lines 141--141
[]|\T2A/cmr/m/n/12 (+20) Умеренная за-
 []


Underfull \hbox (badness 10000) in paragraph at lines 144--144
[]|\T2A/cmr/m/n/12 (+20) Дублирование
 []


Underfull \hbox (badness 10000) in paragraph at lines 145--145
[]|\T2A/cmr/m/n/12 (+20) Нестабильная
 []

[80]
Underfull \hbox (badness 10000) in paragraph at lines 158--159
[]\T2A/cmr/m/n/14.4 (+20) В таб-ли-це []4.4[] при-ве-де-ны ре-зуль-та-ты за-пус
-ков для ре-жи-ма
 []


Underfull \hbox (badness 1701) in paragraph at lines 158--159
\T2A/cmtt/m/n/14.4 BasicUdpEvents\T2A/cmr/m/n/14.4 (+20) . В этом ре-жи-ме со-б
ы-тие от-прав-ля-ет-ся один раз, не
 []


Underfull \hbox (badness 1320) in paragraph at lines 158--159
\T2A/cmr/m/n/14.4 (+20) по-ме-ща-ет-ся в жур-нал непод-твер-жден-ных со-бы-тий 
и не от-прав-ля-ет-ся
 []


Underfull \hbox (badness 4634) in paragraph at lines 161--161
[]\T2A/cmr/m/n/14.4 (+20) Таблица 4.4 ^^U |Ре-зуль-та-ты ис-сле-до-ва-ния ба-зо
-вой со-бы-тий-ной UDP-
 []


Underfull \hbox (badness 10000) in paragraph at lines 170--170
[]|\T2A/cmr/m/n/12 (+20) Умеренная за-
 []


Underfull \hbox (badness 10000) in paragraph at lines 173--173
[]|\T2A/cmr/m/n/12 (+20) Дублирование
 []


Underfull \hbox (badness 10000) in paragraph at lines 174--174
[]|\T2A/cmr/m/n/12 (+20) Нестабильная
 []

[81]
Underfull \hbox (badness 5802) in paragraph at lines 187--187
[]\T2A/cmr/m/n/14.4 (+20) Таблица 4.5 ^^U |Срав-не-ние раз-ра-бо-тан-но-го ме-т
о-да с ба-зо-вой UDP-
 []

[82] [83]) [84]
\openout2 = `08-conclusion.aux'.

 (./08-conclusion.tex [85




]) [86]
Underfull \hbox (badness 2318) in paragraph at lines 78--78
[]\T2A/cmr/m/it/14.4 (+20) Gambetta G. \T2A/cmr/m/n/14.4 (+20) Fast-Paced Multi
player (Part I): Client-Server Game
 []


Underfull \hbox (badness 4954) in paragraph at lines 78--78
\T2A/cmr/m/n/14.4 (+20) Architecture [Элек-трон-ный ре-сурс]. ^^V URL: []$\T2A/
cmtt/m/n/14.4 https : / / www .
 []

[87



] [88]
\openout2 = `09-appendix.aux'.

 (./09-appendix.tex) [89


]

enddocument/afterlastpage (AED): lastpage setting LastPage.
(./report.aux (./00-essay.aux) (./02-abbreviations.aux) (./03-introduction.aux)
(./04-analysis.aux) (./05-design.aux) (./06-implementation.aux)
(./07-research.aux) (./08-conclusion.aux) (./09-appendix.aux))
 ***********
LaTeX2e <2025-11-01>
L3 programming layer <2026-01-19>
 ***********


LaTeX Font Warning: Size substitutions with differences
(Font)              up to 1.28pt have occurred.

Package rerunfilecheck Info: File `report.out' has not changed.
(rerunfilecheck)             Checksum: 731C1F96C1A4D8404E0B665E2E47EE76;25287.
Package logreq Info: Writing requests to 'report.run.xml'.
\openout1 = `report.run.xml'.

 ) 
Here is how much of TeX's memory you used:
 58989 strings out of 467533
 1336485 string characters out of 5419495
 2667892 words of memory out of 5000000
 86476 multiletter control sequences out of 15000+600000
 657850 words of font info for 199 fonts, out of 8000000 for 9000
 1141 hyphenation exceptions out of 8191
 125i,19n,136p,1406b,4108s stack positions out of 10000i,1000n,20000p,200000b,200000s
</usr/local/texlive/2025/texmf-dist/fonts/type1/public/amsfonts/cm/cmex10.pfb
></usr/local/texlive/2025/texmf-dist/fonts/type1/public/amsfonts/cm/cmmi10.pfb>
</usr/local/texlive/2025/texmf-dist/fonts/type1/public/amsfonts/cm/cmmi12.pfb><
/usr/local/texlive/2025/texmf-dist/fonts/type1/public/amsfonts/cm/cmmi6.pfb></u
sr/local/texlive/2025/texmf-dist/fonts/type1/public/amsfonts/cm/cmmi8.pfb></usr
/local/texlive/2025/texmf-dist/fonts/type1/public/amsfonts/cm/cmr10.pfb></usr/l
ocal/texlive/2025/texmf-dist/fonts/type1/public/amsfonts/cm/cmr12.pfb></usr/loc
al/texlive/2025/texmf-dist/fonts/type1/public/amsfonts/cm/cmsy10.pfb></usr/loca
l/texlive/2025/texmf-dist/fonts/type1/public/amsfonts/cm/cmsy6.pfb></usr/local/
texlive/2025/texmf-dist/fonts/type1/public/amsfonts/cm/cmsy7.pfb></usr/local/te
xlive/2025/texmf-dist/fonts/type1/public/amsfonts/symbols/msam10.pfb></usr/loca
l/texlive/2025/texmf-dist/fonts/type1/public/cm-super/sfbx1440.pfb></usr/local/
texlive/2025/texmf-dist/fonts/type1/public/cm-super/sfbx1728.pfb></usr/local/te
xlive/2025/texmf-dist/fonts/type1/public/cm-super/sfbx2074.pfb></usr/local/texl
ive/2025/texmf-dist/fonts/type1/public/cm-super/sfrm0600.pfb></usr/local/texliv
e/2025/texmf-dist/fonts/type1/public/cm-super/sfrm0800.pfb></usr/local/texlive/
2025/texmf-dist/fonts/type1/public/cm-super/sfrm1000.pfb></usr/local/texlive/20
25/texmf-dist/fonts/type1/public/cm-super/sfrm1200.pfb></usr/local/texlive/2025
/texmf-dist/fonts/type1/public/cm-super/sfrm1440.pfb></usr/local/texlive/2025/t
exmf-dist/fonts/type1/public/cm-super/sfti1200.pfb></usr/local/texlive/2025/tex
mf-dist/fonts/type1/public/cm-super/sfti1440.pfb></usr/local/texlive/2025/texmf
-dist/fonts/type1/public/cm-super/sfti2074.pfb></usr/local/texlive/2025/texmf-d
ist/fonts/type1/public/cm-super/sftt1200.pfb></usr/local/texlive/2025/texmf-dis
t/fonts/type1/public/cm-super/sftt1440.pfb>
Output written on report.pdf (86 pages, 1206099 bytes).
PDF statistics:
 1079 PDF objects out of 1200 (max. 8388607)
 917 compressed objects within 10 object streams
 226 named destinations out of 1000 (max. 500000)
 49813 words of extra memory for PDF output out of 51595 (max. 10000000)

